cluster,Blank-AQ-Derry,Blank-HD-Derry,HD18J-B-Derry,HD18J-L-Derry,HD18J-P-Derry,HD18S-B-Derry,HD18S-L-Derry,HD18S-P-Derry,HD19J-B-Derry,HD19J-L-Derry,HD19J-P-Derry,HD19S-B-Derry,HD19S-L-Derry,HD19S-P-Derry,HD20-L-Derry,HD20-P-Derry
OTU1,0,271,254,115,195,390,465,339,165,227,1125,17,36,22,47,0
OTU2,0,70,1853,2986,2274,67078,122619,112976,238,558,1469,38,64,32,564,0
OTU3,0,0,7,3,0,0,0,0,0,0,0,0,0,0,0,0
OTU4,0,0,0,0,0,0,0,0,0,4,4,0,0,0,0,0
OTU5,0,0,0,8,0,0,0,0,4,89,59,0,0,0,0,0
OTU6,0,0,0,0,0,0,6,4,0,0,0,0,0,0,0,0
OTU7,0,0,0,0,0,4,4,8,0,0,0,0,0,0,0,0
OTU8,0,0,0,0,0,0,0,0,7,5,0,0,0,0,205,0
OTU9,0,5,0,0,0,0,0,0,0,0,15,0,0,0,0,0
OTU10,0,0,0,0,0,0,6,84,0,0,0,0,0,0,0,0
OTU11,36,0,104923,354,96,83915,39,0,51438,0,0,55693,946,408,1204,0
OTU12,0,0,0,0,0,0,0,0,0,11,8,8,0,0,0,0
OTU13,0,0,0,0,0,0,3,37,0,99294,20,0,27,0,0,0
OTU14,0,0,0,34,0,0,0,0,29,8,0,0,0,0,130,0
OTU15,0,0,0,10,0,0,0,0,0,21,17,0,0,0,0,0
OTU16,0,0,0,0,0,0,0,0,0,13,11,0,0,0,0,0
OTU17,0,0,0,0,0,7,12,6,0,0,0,0,0,0,62,0
OTU18,0,0,12,106,0,0,0,0,0,105,0,0,0,0,0,0
OTU19,0,0,0,0,0,25809,38488,34549,26,28,27,127,0,0,0,0
OTU20,0,0,0,0,0,0,18,31,0,0,0,0,6,0,0,0
OTU21,0,0,0,0,0,35,26,25,24,3,0,6,15,0,0,0
OTU22,0,0,0,0,5,0,63,35,0,0,0,0,0,0,0,0
OTU23,39,0,95,96,62,90,179,261,24,58,51,105265,189384,158987,0,0
OTU24,0,0,0,0,0,0,0,0,2,281,178,0,0,0,0,0
OTU25,0,0,0,0,0,0,0,0,158,36,78,234,373,304,414,0
OTU26,0,0,0,0,0,0,0,0,0,0,0,158,310,81,427,0
OTU27,0,0,0,0,0,555,1650,1768,19,0,4,40,15,13,0,0
OTU28,0,0,0,36,0,0,0,0,0,8,2,2,0,0,535,0
OTU29,0,0,0,4,0,0,0,0,0,0,0,2,0,0,47,0
OTU30,0,0,0,8,0,0,0,0,0,0,2,0,0,0,70,0
OTU31,0,0,0,0,0,0,17,8,0,2,0,0,0,0,101,0
OTU32,0,0,0,0,0,0,0,0,8,2,0,0,0,0,0,0
OTU33,0,0,0,0,2,0,0,0,0,7,0,0,0,0,0,0
OTU34,0,0,0,2,0,0,0,0,0,18,0,0,0,0,0,0
OTU35,0,0,2,0,0,0,0,0,79,0,0,0,0,0,0,0
OTU36,0,2,0,10,0,28,84,32,9,26,30,4,6,0,188,0
OTU37,0,0,0,9,0,0,0,0,0,0,3,0,0,0,4,0
OTU38,0,0,0,0,0,0,0,0,0,3,5,0,0,0,0,0
OTU39,0,0,0,0,0,0,4,0,3,20,40,0,0,0,53,0
OTU40,0,0,0,5,0,0,0,3,8,11,0,0,0,0,0,0
OTU41,0,0,0,21,2,0,3,0,0,9,10,0,4,0,363,0
OTU42,0,0,3,0,0,3,0,0,0,0,0,0,0,0,8,0
OTU43,0,0,0,3,0,0,0,0,0,4,4,0,0,0,0,0
OTU44,0,0,0,0,0,0,0,0,0,0,4,0,0,0,175,0
OTU45,0,0,0,0,0,4,0,0,0,0,0,0,0,0,1356,0
OTU46,0,0,0,0,0,4,36,66,11,0,6,13,13,14,0,0
OTU47,0,5,26,11,106,48,73,66,224,18,65,7,18,5,121,0
OTU48,0,0,0,21,0,0,5,0,13,5,16,4,5,2,98,0
OTU49,0,0,25,0,0,0,0,0,0,0,0,0,5,0,0,0
OTU50,0,0,0,0,0,0,0,0,0,5,5,0,0,0,0,0
OTU51,0,0,0,10,0,0,7,5,0,5,0,0,0,0,0,0
OTU52,0,0,0,0,0,0,0,3,5,47,49,0,31,12,65,0
OTU53,0,0,68,0,2,0,0,0,3,0,0,0,0,0,0,0
OTU54,0,0,0,0,0,0,19,6,0,0,0,0,0,0,0,0
OTU55,0,0,33,6,0,0,0,0,0,0,7,0,0,0,0,0
OTU56,0,0,0,0,0,10,11,15,67,38,137,8,0,0,7,0
OTU57,0,0,0,7,8,3,10,10,18,7,8,18,63,32,0,0
OTU58,0,0,0,0,3,0,0,0,7,21,8,0,0,0,113,0
OTU59,0,59,156,436,355,0,0,7,237,786,1659,6,17,11,32,0
OTU60,0,0,9,9,7,11,0,0,0,0,0,0,0,0,0,0
OTU61,0,0,0,7,0,0,0,0,0,9,12,0,0,0,0,0
OTU62,0,0,0,7,0,0,0,0,0,0,11,0,0,0,0,0
OTU63,0,0,0,16,0,0,12,0,0,8,8,0,6,0,1711,0
OTU64,0,0,0,0,0,9,9,0,36,304,247,0,0,0,0,0
OTU65,0,0,0,9,0,8,0,0,11,21,52,0,0,0,0,0
OTU66,0,0,9,35,0,0,10,0,0,0,0,0,0,0,0,0
OTU67,0,0,0,0,0,28,143,11,0,0,0,0,0,0,0,0
OTU68,0,0,6,11,0,0,0,0,0,36,12,0,0,0,0,0
OTU69,0,0,839,378,356,0,0,0,11,19,75,41,16,7,0,0
OTU70,0,0,0,31,0,0,0,0,0,0,0,0,0,0,107,0
OTU71,0,0,0,4,0,55,472,197,0,18,0,10,4,0,0,0
OTU72,0,0,0,0,0,37,0,0,0,0,0,17,36,32,0,0
OTU73,0,0,0,31,0,0,0,13,0,24,16,0,9,0,0,0
OTU74,0,0,0,101,0,0,0,0,0,0,0,0,0,0,370,0
OTU75,0,14,29,185,78,3,0,0,74,54,280,56,321,152,191,0
OTU76,0,0,0,0,0,0,0,0,0,0,0,384,0,0,0,0
OTU77,0,0,0,124,8,0,0,0,0,50,15,0,0,0,15,0
OTU78,0,0,0,0,0,98,242,0,161,0,280,0,0,0,0,0
OTU79,0,13,0,59,16,22,63,54,51,92,162,19,9,12,1385,0
OTU80,0,0,0,0,0,0,0,111,0,0,0,0,0,0,1375,0
OTU81,0,0,0,0,0,0,0,0,0,7,0,0,0,0,636,0
OTU82,0,0,0,0,0,0,0,0,0,0,0,0,0,0,3037,0
OTU83,0,0,0,0,0,0,0,0,0,0,0,0,0,0,610,0
OTU84,0,0,0,36,0,0,0,0,0,0,0,0,0,0,563,0
OTU85,0,0,0,39,0,376,0,6,0,34,13,12,0,0,0,0
OTU86,0,1123,100,158,176,116,261,296,4938,8128,23385,231,305,241,159,0
OTU87,0,0,0,0,0,0,0,0,184,56,173,0,0,0,0,0
OTU88,0,0,0,0,0,0,0,0,0,0,0,0,0,0,2379,0
OTU89,0,618,29808,42559,43757,21320,223,254,4234,4641,12906,3253,325,229,5755,0
OTU90,20,213,34,593,131,7224,17733,16126,3449,6203,6853,69320,22545,18064,0,0
OTU91,0,31,634,366,199,650,190,172,680,268,782,546,834,502,13880,14
OTU92,0,0,0,0,0,0,0,8,26,85,49,0,31,13,2404,0
OTU93,0,26,10,19,0,5689,2875,2944,2084,167,298,0,0,0,0,0
OTU94,0,796,1294,8570,9019,108,1410,1353,1549,6395,16272,24,115,87,3814,0
OTU95,0,0,0,0,0,0,0,0,0,6,4,0,0,0,0,0
OTU96,0,0,0,0,0,4,6,26,0,0,0,0,0,0,0,0
OTU97,0,0,0,0,0,0,0,0,203,0,0,55,0,13,0,0
OTU98,0,0,104,561,185,30,30,26,0,429,33,10,34,12,0,0
OTU99,0,0,0,67,0,0,0,0,0,0,0,0,7,0,45756,0
OTU100,0,0,0,0,4,0,0,7,0,0,9845,0,0,0,0,0
OTU101,0,0,0,0,0,9,55,61,0,0,0,79,198,145,0,0
OTU102,0,0,0,21,0,0,0,0,0,33,10,0,0,0,0,0
OTU103,0,0,0,145,13,10,0,0,0,0,0,0,0,0,0,0
OTU104,0,0,1914,10,0,1721,82,72,1000,7,0,38,0,8,0,0
OTU105,0,5,0,0,0,0,0,0,0,0,19,0,0,0,0,0
OTU106,0,0,0,4,0,0,9,16,0,0,0,0,0,0,0,0
OTU107,0,0,0,0,0,0,409,0,0,0,0,0,3349,0,3256,0
OTU108,0,0,0,3,0,0,0,0,0,0,0,2,0,0,0,0
OTU109,0,0,0,0,0,0,2,0,0,18,0,0,0,0,0,0
OTU110,0,0,0,0,0,8,0,0,0,0,0,0,0,0,0,0
OTU111,0,0,13,0,0,0,0,0,0,0,0,0,0,0,3,0
OTU112,0,0,0,0,0,0,0,0,0,0,5,0,0,3,0,0
OTU113,0,0,0,4,0,0,0,0,0,23,3,0,12,0,0,0
OTU114,0,0,0,0,3,0,0,0,0,0,7,0,0,0,0,0
OTU115,0,3,0,0,5,0,0,7,0,0,0,0,0,0,0,0
OTU116,0,0,0,0,0,0,0,0,13,0,0,0,0,0,4,0
OTU117,0,0,0,0,0,0,0,0,0,0,0,0,4,0,34,0
OTU118,0,0,0,0,0,0,0,0,0,5,0,4,0,0,0,0
OTU119,0,0,0,4,8,0,0,0,0,6,5,0,0,0,0,0
OTU120,0,0,0,0,0,0,0,0,0,0,5,0,0,0,40,0
OTU121,0,0,0,0,0,0,0,0,0,5,9,0,0,0,0,0
OTU122,0,0,0,5,0,0,0,0,0,0,0,0,14,0,0,0
OTU123,0,0,0,0,0,0,3,0,7,0,9,0,0,0,44,0
OTU124,0,0,0,0,0,10,29,56,0,0,0,0,0,0,0,0
OTU125,0,0,0,0,0,0,0,0,6,10,13,0,0,0,0,0
OTU126,0,0,13,7,0,19,0,0,31,0,0,73,0,0,0,0
OTU127,0,0,0,0,0,0,9,0,0,0,0,0,5,0,32,0
OTU128,0,0,0,5,0,8,61,12,0,0,0,0,9,0,0,0
OTU129,0,0,0,0,0,204,0,0,386,0,18,5,0,0,0,0
OTU130,0,0,0,0,0,0,13,13,0,0,0,0,0,0,119,0
OTU131,0,0,0,30,9,0,36,45,5,0,0,0,27,0,416,0
OTU132,0,0,0,0,0,25,145,112,0,0,0,4,19,15,34,0
OTU133,0,0,0,0,0,0,5,10,88,17,26,72,76,33,3654,0
OTU134,0,0,0,0,0,0,0,0,0,0,0,293,0,0,0,0
OTU135,0,0,0,0,0,5,9,0,0,0,0,12424,0,0,0,0
OTU136,0,0,0,409,28,0,0,0,0,0,0,0,0,0,68,0
OTU137,0,0,0,5,0,30,23,43,110,17,36,3262,10638,6391,0,0
OTU138,0,0,0,23,10,0,0,0,163,25,69,0,0,0,0,0
OTU139,0,0,0,35,0,0,0,0,35,0,0,7,99,35,330,0
OTU140,0,0,17,26,9,15,11,0,538,19,34,0,6,0,54,0
OTU141,0,0,0,0,0,0,0,0,0,0,0,137,0,0,0,0
OTU142,0,0,0,227,0,4,563,193,0,0,0,17,35,0,0,0
OTU143,0,0,0,0,0,0,0,9,0,0,16,0,0,0,0,0
OTU144,0,0,0,0,0,0,0,0,43,10,0,0,0,0,0,0
OTU145,0,0,0,0,0,0,19,0,0,0,0,0,0,0,0,0
OTU146,0,0,0,0,0,0,9,0,0,0,3,0,0,0,0,0
OTU147,0,0,0,0,0,0,0,0,54,0,6,0,0,0,0,0
OTU148,0,57,0,7,8,9,0,0,676,391,1282,0,0,0,0,0
OTU149,0,0,0,0,28,0,0,0,0,0,0,14,0,0,0,0
OTU150,0,0,0,0,0,13,24,14,0,0,9,0,0,0,0,0
OTU151,0,0,15,254,41,0,0,0,0,0,0,0,0,0,0,0
OTU152,0,0,0,17,0,0,0,0,0,0,24,0,0,0,0,0
OTU153,0,0,0,0,0,0,0,0,0,0,0,0,0,0,84,0
OTU154,0,20,21,280,27,362,441,436,396,373,292,102,63,91,328,0
OTU155,0,0,0,0,0,0,0,0,0,0,0,72,0,0,0,0
OTU156,0,0,0,7,4,0,0,0,19,31,38,3,0,0,559,0
OTU157,0,937,36533,73471,71467,32492,27,51,33362,7503,21060,6253,29,31,1831,38
OTU158,0,0,14,0,0,5,11,0,7,0,57,5,0,0,0,0
OTU159,0,0,0,4,3,0,0,0,0,0,0,0,0,0,0,0
OTU160,0,0,0,11,0,0,0,0,0,20,34,0,0,0,0,0
OTU161,0,0,0,0,0,0,9,7,5,5,9,0,0,0,0,0
OTU162,0,0,0,0,0,0,0,0,0,0,0,396,0,0,0,0
OTU163,0,0,0,0,0,40,0,0,3531,16,75,0,0,0,0,0
OTU164,0,0,0,0,0,0,0,0,0,3,2,0,0,0,0,0
OTU165,0,0,0,0,0,0,0,0,0,10,4,0,0,0,0,0
OTU166,0,0,0,34,672,0,0,0,10,39,21,0,0,0,0,0
OTU167,0,0,14,0,0,0,0,4,0,0,0,0,0,0,0,0
OTU168,0,0,0,123,11,39,141,72,0,14,13,32,110,69,0,0
OTU169,0,0,0,0,4,0,0,0,0,0,2,0,0,0,0,0
OTU170,0,0,0,0,0,8,3,0,0,6,0,0,0,0,0,0
OTU171,0,0,0,5,0,0,0,0,0,0,0,0,0,0,332,0
OTU172,0,0,0,11,0,0,0,0,0,15,6,0,0,0,0,0
OTU173,0,0,0,23,0,0,0,0,0,12,0,0,7,0,483,0
OTU174,0,0,0,0,0,35,0,17,0,0,0,0,0,0,0,0
OTU175,0,0,18,0,0,0,0,0,0,27,24,0,0,0,13,0
OTU176,0,0,0,0,0,0,0,0,0,0,0,522,0,0,0,0
OTU177,0,0,2,0,0,0,0,0,9,0,0,0,0,0,0,0
OTU178,2,6,45,154,164,488,138,104,1554,39,113,118,199,120,4575,16
OTU179,0,0,0,0,0,0,58,0,0,0,4,0,0,0,0,0
OTU180,0,0,0,0,0,0,0,0,4,0,0,0,0,0,90,0
OTU181,0,0,0,0,0,0,7,0,0,0,0,0,0,5,0,0
OTU182,0,0,0,9,0,0,0,0,0,21,0,0,0,0,0,0
OTU183,0,0,0,0,0,78,334,337,0,0,0,0,10,11,0,0
OTU184,0,0,0,0,2,0,0,0,0,0,0,0,0,0,26,0
OTU185,0,0,0,0,10,0,3,0,0,10,0,0,0,0,0,0
OTU186,0,0,0,0,0,755,172,204,612,0,11,22,54,32,0,0
OTU187,0,0,19,33,19,14,18,16,39,0,12,0,5,0,313,0
OTU188,0,0,0,11,0,0,0,0,0,0,0,0,0,3,247,0
OTU189,0,0,0,8,0,0,0,0,0,8,0,0,0,0,0,0
OTU190,0,0,0,0,0,0,0,0,0,22,5,0,20,0,0,0
OTU191,0,0,0,0,0,11,0,0,0,4,0,11,22,15,19,0
OTU192,0,0,0,0,76,0,0,0,0,0,0,0,40,0,0,0
OTU193,0,0,0,0,0,0,0,0,0,0,100,0,0,0,139,0
OTU194,0,0,0,0,0,0,125,0,0,0,141,0,0,0,0,0
OTU195,0,0,0,2,0,0,0,0,0,0,0,0,0,0,300,0
OTU196,0,0,4,0,0,0,0,0,0,0,28,0,0,0,0,0
OTU197,0,0,16,0,0,0,0,0,16,0,0,0,0,0,0,0
OTU198,0,0,0,0,0,0,3,0,0,8,6,14,0,0,0,0
OTU199,0,0,0,10,0,0,16,0,0,0,0,0,0,0,0,0
OTU200,0,0,0,11,0,0,0,0,3,21,0,0,0,0,330,0
OTU201,0,0,23,0,4,0,0,0,9,7,12,0,0,0,0,0
OTU202,0,0,0,0,0,0,0,0,0,0,0,211,0,0,0,0
OTU203,0,0,0,0,0,0,0,0,0,0,0,0,0,3,0,0
OTU204,0,0,0,0,0,0,0,0,7,0,0,0,0,0,0,0
OTU205,0,0,0,0,0,0,0,0,0,33,6,0,0,0,0,0
OTU206,0,0,0,0,0,0,0,0,0,0,0,19,0,0,0,0
OTU207,0,0,0,11,0,0,0,0,0,0,9,0,0,0,0,0
OTU208,0,0,0,0,0,12,0,0,15,0,0,0,0,0,0,0
OTU209,0,0,0,0,0,0,0,0,30,0,0,0,0,0,0,0
OTU210,0,0,0,53,0,18,0,0,0,0,0,0,17,0,0,0
OTU211,0,0,0,0,0,831,87,130,0,0,0,0,0,0,0,0
OTU212,0,0,398,357,395,113,0,0,61,65,112,25,0,0,0,0
OTU213,0,0,0,0,0,0,0,0,0,0,0,3,0,0,0,0
OTU214,0,0,3,0,0,0,0,0,0,0,0,0,0,0,0,0
OTU215,0,0,0,0,0,0,2,0,0,0,0,0,0,0,0,0
OTU216,0,0,0,0,0,0,0,0,0,0,0,0,0,0,54,0
OTU217,0,0,0,0,0,0,0,0,0,0,0,0,4,0,0,0
OTU218,0,0,7,0,0,0,0,0,0,0,0,0,0,0,0,0
OTU219,0,0,0,0,0,3,0,0,12,0,0,0,0,0,0,0
OTU220,0,0,0,17,0,0,0,0,0,0,0,0,0,0,0,0
OTU221,0,0,0,15,0,0,0,0,0,0,0,0,0,0,39,0
OTU222,0,46,25,60,23,10,0,21,210,7,0,0,4,13,0,0
OTU223,0,0,0,0,5,0,0,0,0,0,0,0,0,0,214,0
OTU224,0,0,0,16,0,0,0,0,0,0,0,0,0,0,0,0
OTU225,0,0,0,61,927,0,0,0,0,0,0,0,0,0,0,0
OTU226,0,0,0,0,0,0,0,0,0,0,7,0,0,0,0,0
OTU227,0,0,0,0,0,0,2,0,0,0,0,0,0,0,0,0
OTU228,0,0,0,0,0,0,0,0,0,0,10,0,0,0,0,0
OTU229,0,0,0,0,0,0,27,6,0,0,0,0,0,0,0,0
OTU230,0,0,0,51,0,0,0,0,0,34,7,0,0,0,0,0
OTU231,0,0,0,0,0,0,0,0,0,0,0,54,0,0,0,0
OTU232,0,0,0,0,0,0,3,0,0,0,0,0,0,0,0,0
OTU233,0,0,0,0,0,0,0,5,0,0,0,0,0,0,0,0
OTU234,0,0,0,0,0,0,0,2,0,0,0,0,0,0,0,0
OTU235,0,0,0,0,0,0,0,0,0,0,0,37,56,23,25,0
OTU236,0,0,0,0,0,0,0,0,0,0,0,2,0,0,0,0
OTU237,0,0,16,0,0,0,0,0,0,0,0,0,0,0,0,0
OTU238,0,0,0,0,0,0,0,0,3,0,0,0,0,0,0,0
OTU239,0,0,0,0,0,0,0,0,0,4,0,0,0,0,0,0
OTU240,0,0,0,0,0,0,0,2,0,0,0,0,2,0,0,0
OTU241,0,0,0,0,0,0,0,0,0,0,0,0,0,0,9,0
OTU242,0,0,0,0,0,0,0,0,0,7,0,0,0,0,0,0
OTU243,0,0,0,0,0,0,0,0,0,12,0,0,0,0,0,0
OTU244,0,0,0,0,0,0,0,0,0,0,0,0,0,0,24,0
OTU245,0,0,0,4,209,0,0,0,17,0,0,46,0,0,0,0
OTU246,0,0,0,0,0,0,0,0,0,65,0,0,0,0,0,0
OTU247,0,0,0,0,0,0,0,0,0,0,0,0,93,0,175,0
OTU248,0,5,0,36,39,64,11,16,49,145,121,0,0,0,0,0
OTU249,0,0,0,6,0,0,0,0,0,0,0,0,0,0,0,0
OTU250,0,0,0,0,0,0,0,0,0,0,0,0,0,0,32,0
OTU251,0,0,0,0,0,0,0,0,0,28,21,0,0,0,0,0
OTU252,0,0,0,0,0,0,0,0,0,0,0,27,0,0,0,0
OTU253,0,0,0,25,0,0,8,32,0,0,0,0,63,7,0,0
OTU254,0,22,20,13,6,17,0,0,480,232,545,22,0,0,0,0
OTU255,0,0,0,0,2,0,17,0,0,0,0,0,0,0,0,0
OTU256,0,0,0,0,0,0,0,0,0,0,8,0,0,0,0,0
OTU257,0,0,0,0,0,0,0,0,0,0,0,0,0,18,0,0
OTU258,0,0,0,54,0,0,0,0,0,12,0,0,0,0,0,0
OTU259,0,0,0,0,0,0,0,0,0,0,0,0,0,0,23,0
OTU260,0,0,0,0,0,0,8,0,0,0,0,0,0,0,0,0
OTU261,0,0,0,0,0,21,0,0,0,0,0,0,0,0,0,0
OTU262,0,0,0,0,0,0,0,0,0,3,0,0,0,0,0,0
OTU263,0,0,0,6,0,0,0,0,0,0,0,0,0,0,0,0
OTU264,0,0,0,11,0,0,0,0,0,0,0,0,0,0,0,0
OTU265,0,0,0,0,0,0,0,0,0,0,0,0,0,0,7,0
OTU266,0,0,0,0,0,0,0,0,0,0,0,0,0,0,373,0
OTU267,0,0,8,0,0,0,0,0,0,0,0,0,0,0,0,0
OTU268,0,0,0,0,0,0,0,0,0,9,0,0,0,0,0,0
OTU269,0,0,0,0,0,0,5,0,0,0,0,7,0,0,0,0
OTU270,0,0,0,0,0,0,0,0,0,0,4,0,77,0,395,0
OTU271,0,0,0,0,3,5,8,0,0,0,0,0,0,0,0,0
OTU272,0,0,0,0,0,18,0,6,0,0,0,0,0,0,0,0
OTU273,0,0,0,0,0,0,0,0,0,0,0,0,0,0,27,0
OTU274,0,0,0,42,0,0,0,2,0,0,0,0,0,0,0,0
OTU275,0,0,0,0,0,0,0,0,0,0,0,0,7,0,0,0
OTU276,0,0,0,0,0,0,0,0,0,0,0,0,0,0,9,0
OTU277,0,0,0,0,0,0,0,0,5,2,2,7,0,2,1278,0
OTU278,0,0,0,10,0,0,0,0,0,0,0,0,0,0,0,0
OTU279,0,0,0,14,0,0,0,0,0,0,0,0,0,0,0,0
OTU280,0,0,0,0,0,0,0,0,0,5,0,0,0,0,0,0
OTU281,0,0,0,0,0,0,0,0,0,0,0,0,0,0,6,0
OTU282,0,0,0,0,0,0,0,0,0,38,0,0,0,0,0,0
OTU283,0,0,0,0,0,0,0,0,5,0,0,0,0,0,0,0
OTU284,0,0,0,0,2,4,7,14,163,12,23,13,25,16,0,0
OTU285,0,0,0,0,0,0,0,0,0,65,0,0,0,0,0,0
OTU286,0,0,0,72,0,0,0,0,0,0,0,0,0,0,0,0
OTU287,0,0,0,5,0,0,0,0,0,3,0,0,0,0,0,0
OTU288,0,0,0,0,0,0,0,0,0,0,0,0,0,0,29,0
OTU289,0,0,0,14,0,4,12,27,0,63,34,0,5,0,0,0
OTU290,0,0,0,0,0,0,2,0,0,0,0,0,0,0,0,0
OTU291,0,0,0,0,0,0,0,0,0,0,0,2,0,0,0,0
OTU292,0,0,0,0,0,0,3,0,0,0,0,0,0,0,0,0
OTU293,0,0,0,4,0,0,0,0,0,0,0,0,0,0,0,0
OTU294,0,0,0,6,0,0,0,0,0,0,0,0,0,0,0,0
OTU295,0,0,0,0,0,0,0,0,0,0,0,0,2,0,0,0
OTU296,0,0,0,0,0,0,5,0,0,0,0,0,0,0,0,0
OTU297,0,0,0,0,0,2,0,0,0,0,0,0,0,0,0,0
OTU298,0,0,0,0,2,0,0,0,0,0,0,0,0,0,0,0
OTU299,0,0,0,0,0,0,0,0,0,0,3,0,0,0,0,0
OTU300,0,0,0,2,0,0,0,0,0,0,0,0,0,0,0,0
OTU301,0,0,0,0,0,4,0,0,0,0,0,0,0,0,531,0
OTU302,0,0,0,0,0,0,0,0,3,0,0,0,0,0,0,0
OTU303,0,0,0,0,0,0,0,0,0,0,0,6,0,0,0,0
OTU304,0,0,0,0,0,0,0,0,0,0,0,0,0,0,9,0
OTU305,0,0,0,7,0,0,0,0,0,0,0,0,0,0,0,0
OTU306,0,0,0,0,0,0,0,0,0,13,4,0,0,0,0,0
OTU307,0,0,0,0,0,0,0,0,20,77,25,0,0,0,0,0
OTU308,0,0,0,10,7,0,0,0,0,0,0,0,0,0,0,0
OTU309,0,0,6224,11690,7254,26,0,0,198,6,11,1966,153,109,0,0
OTU310,0,30,108,162,111,0,0,0,98,298,814,15,0,3,0,0
OTU311,0,0,0,0,0,0,0,0,0,2,0,0,0,0,0,0
OTU312,0,0,0,0,0,0,0,10,0,0,0,0,0,0,0,0
OTU313,0,0,0,0,0,2,0,0,0,0,0,0,0,0,0,0
OTU314,0,0,0,0,0,14,0,0,9,0,0,9,0,0,0,0
OTU315,0,0,0,6,0,0,0,0,0,0,0,0,0,0,0,0
OTU316,0,0,0,0,0,0,0,0,0,0,0,0,0,0,176,0
OTU317,0,0,0,0,0,0,0,0,0,7,0,0,0,0,0,0
OTU318,0,8,5,18,0,318,300,212,159,153,226,20,52,48,0,0
OTU319,0,0,0,0,0,0,7,0,0,0,0,0,0,0,0,0
OTU320,0,0,0,0,0,0,0,0,0,0,26,0,0,0,0,0
OTU321,0,0,0,0,0,0,0,0,0,8,0,0,0,0,0,0
OTU322,0,0,0,0,0,0,0,0,0,7,11,0,0,0,0,0
OTU323,0,0,0,0,0,0,0,0,0,29,0,0,0,0,0,0
OTU324,0,0,0,3,0,0,0,0,0,0,0,0,0,0,0,0
OTU325,0,0,0,0,0,4,0,0,0,0,0,0,0,0,0,0
OTU326,0,0,0,0,0,0,0,0,0,0,0,0,0,0,9,0
OTU327,0,0,0,0,4,0,0,0,0,0,0,0,0,0,0,0
OTU328,0,0,9,0,0,0,0,0,0,0,0,0,0,0,0,0
OTU329,0,0,0,0,0,0,0,5,0,0,0,0,0,0,0,0
OTU330,0,0,0,5,0,0,0,0,0,0,0,0,0,0,0,0
OTU331,0,0,0,0,0,0,0,0,0,12,0,0,0,0,0,0
OTU332,0,0,0,22,0,0,0,0,0,0,0,0,0,0,0,0
OTU333,0,0,0,0,0,0,0,0,0,15,15,0,0,0,0,0
OTU334,0,0,0,0,0,0,0,0,0,0,7,33,62,44,0,0
OTU335,0,0,0,0,0,0,0,0,0,2,0,0,0,0,0,0
OTU336,0,0,0,0,0,0,0,0,0,0,0,0,0,0,49,0
OTU337,0,0,0,2,0,0,0,0,0,0,0,0,0,0,0,0
OTU338,0,0,0,0,0,0,0,0,0,0,8,0,0,0,0,0
OTU339,0,0,0,0,0,0,0,0,0,0,0,0,48,0,0,0
OTU340,0,0,39,0,0,0,0,0,57,0,6,0,0,0,0,0
OTU341,0,4,49,111,69,7,31,26,219,43,159,0,0,5,0,0
OTU342,0,0,0,0,0,0,0,0,0,0,0,0,6,0,0,0
OTU343,0,0,11,0,0,0,0,0,0,0,0,0,0,0,0,0
OTU344,0,0,0,2,0,0,0,0,0,0,0,0,0,0,0,0
OTU345,0,0,0,5,0,0,0,0,0,0,11,0,0,0,0,0
OTU346,0,0,0,0,0,0,4,0,0,0,0,0,0,0,0,0
OTU347,0,0,0,5,0,0,0,0,0,0,0,0,0,0,0,0
OTU348,0,0,5,0,0,0,0,0,0,0,0,0,0,0,0,0
OTU349,0,0,5,0,0,0,0,0,52,0,25,0,0,0,0,0
OTU350,0,0,0,0,0,0,0,0,0,0,0,0,39,17,0,0
OTU351,0,0,0,0,0,12,30,17,0,0,0,0,0,0,0,0
OTU352,0,0,0,2,0,0,0,0,0,0,0,0,0,0,0,0
OTU353,0,0,0,0,0,0,0,0,0,0,0,0,0,0,0,4
OTU354,0,0,249,442,372,238,83,76,45,23,40,23,92,49,68,0
OTU355,0,0,0,0,0,0,0,0,0,6,0,0,0,0,0,0
OTU356,0,0,0,17,7,0,17,5,0,8,4,0,0,0,33,0
OTU357,0,0,0,6,0,0,0,0,0,0,0,0,0,0,0,0
OTU358,0,0,0,5,0,8,17,0,0,4,0,0,5,5,0,0
OTU359,0,0,0,0,0,0,4,2,0,0,0,0,4,0,0,0
OTU360,0,0,0,0,0,0,0,0,0,0,0,0,0,0,2,0
OTU361,0,0,0,0,0,0,0,0,0,0,0,20,0,0,0,0
OTU362,0,0,0,0,0,0,0,0,0,0,0,0,2,0,0,0
OTU363,0,0,0,2,0,0,0,0,0,0,0,0,0,0,0,0
OTU364,0,0,0,0,0,0,0,0,0,3,0,0,0,0,0,0
OTU365,0,0,0,3,0,0,0,0,0,0,0,0,0,0,0,0
OTU366,0,0,0,0,0,0,0,0,6,0,0,0,0,0,0,0
OTU367,0,0,0,0,0,0,0,0,6,0,6,0,0,0,0,0
OTU368,0,0,0,5,0,0,0,0,0,0,2,0,0,0,0,0
OTU369,0,0,0,0,0,0,0,0,0,16,0,0,0,0,0,0
OTU370,0,0,0,0,4,0,0,0,4,0,0,0,0,0,0,0
OTU371,0,0,0,0,0,0,0,0,0,0,0,0,0,0,12,0
OTU372,0,0,0,0,0,0,0,0,0,0,0,0,0,0,87,0
OTU373,0,0,0,0,0,0,0,0,0,0,0,0,0,0,38,0
OTU374,0,0,0,0,0,0,0,0,7,0,0,0,0,0,0,0
OTU375,0,0,221,0,0,22,0,0,904,0,0,45,0,0,0,0
OTU376,0,0,0,0,0,0,0,0,0,2,0,0,0,0,0,0
OTU377,0,0,0,0,0,0,0,7,0,0,0,0,0,0,0,0
OTU378,0,0,0,3,0,0,0,0,0,0,0,0,0,0,0,0
OTU379,0,0,0,0,0,0,0,0,8,0,0,0,0,0,0,0
OTU380,0,0,0,0,0,12,0,0,0,0,0,0,0,0,0,0
OTU381,0,0,0,0,0,0,0,0,2,0,0,0,0,0,0,0
OTU382,0,0,0,0,0,0,0,0,0,0,3,0,0,0,0,0
OTU383,0,0,0,0,0,0,0,0,0,0,2,0,0,0,0,0
OTU384,0,0,0,0,0,0,0,0,0,0,0,0,0,0,644,0
OTU385,0,0,0,0,0,0,0,0,0,0,0,0,0,0,2,0
OTU386,0,0,0,0,0,0,3,0,0,0,0,0,0,0,0,0
OTU387,0,0,0,0,0,0,5,0,0,0,0,0,0,0,0,0
OTU388,0,0,0,0,0,0,0,0,0,0,10,0,0,0,0,0
OTU389,0,0,0,0,0,0,0,0,0,0,12,0,0,0,0,0
OTU390,0,0,0,0,0,0,0,0,0,0,0,0,0,0,41,0
OTU391,0,15,5,0,2,0,0,0,748,107,280,11,0,0,0,0
OTU392,0,0,0,0,0,0,0,0,0,0,0,0,2,0,0,0
OTU393,0,0,3,0,0,0,0,0,0,0,0,0,0,0,0,0
OTU394,0,0,0,6,0,0,0,0,0,16,9,0,0,0,0,0
OTU395,0,0,0,0,0,0,0,0,0,0,0,0,0,0,3,0
OTU396,0,0,0,14,0,0,0,0,9,13,0,0,0,0,0,0
OTU397,0,0,0,0,0,0,0,0,0,0,0,0,0,3,0,0
OTU398,0,0,0,0,0,0,0,0,0,0,0,0,0,0,115,0
OTU399,0,9,6,8,8,6,63,57,45,76,194,3,6,0,0,0
OTU400,0,0,0,0,0,0,2,0,0,0,0,0,0,0,0,0
OTU401,0,0,0,0,0,0,6,0,0,0,0,0,0,0,0,0
OTU402,0,0,0,0,0,0,0,0,3,0,0,0,0,0,0,0
OTU403,0,0,0,0,0,0,0,0,0,2,0,0,0,0,0,0
OTU404,0,0,0,0,0,0,0,0,2,0,0,0,0,0,0,0
OTU405,0,0,0,10,4,0,0,0,0,0,0,0,0,0,0,0
OTU406,0,0,0,0,0,0,0,0,0,3,0,0,0,0,0,0
OTU407,0,0,0,0,0,0,0,0,0,0,4,0,0,0,0,0
OTU408,0,0,7,0,0,0,0,0,0,0,0,0,0,0,0,0
OTU409,0,0,0,0,0,0,0,0,0,2,0,0,0,0,0,0
OTU410,0,0,0,0,0,0,0,0,4,0,0,0,0,0,0,0
OTU411,0,0,0,0,0,0,0,0,0,65,0,0,0,0,0,0
OTU412,0,0,0,0,0,0,0,0,4,0,0,0,0,0,0,0
OTU413,0,0,0,4,0,0,0,0,0,0,0,0,0,0,0,0
OTU414,0,0,0,0,0,0,0,0,0,0,6,0,0,0,0,0
OTU415,0,0,0,0,0,5,7,9,0,0,0,0,0,0,0,0
OTU416,0,0,0,0,0,0,0,0,0,0,0,0,0,0,21,0
OTU417,0,0,0,15,0,0,0,0,0,0,5,0,0,0,0,0
OTU418,0,0,0,11,0,0,0,2,0,0,4,0,0,0,38,0
OTU419,0,0,0,16,2,0,0,0,0,13,0,0,0,0,0,0
OTU420,0,51,120,250,285,9,21,23,1280,398,1467,117,273,155,24,0
OTU421,0,0,0,0,0,0,0,0,4,0,0,0,0,0,0,0
OTU422,0,0,7,0,0,0,0,0,0,0,0,0,0,0,0,0
OTU423,0,0,0,0,0,0,0,2,0,0,0,0,0,0,0,0
OTU424,0,0,0,3,2,0,0,0,0,0,0,0,0,0,0,0
OTU425,0,0,0,0,0,0,0,0,0,3,0,0,0,0,0,0
OTU426,0,0,0,2,0,0,0,0,0,3,0,0,0,0,0,0
OTU427,0,0,0,41,4,0,0,0,5,50,22,0,0,0,0,0
OTU428,0,0,0,0,0,0,6,0,0,0,0,0,0,0,0,0
OTU429,0,0,6,0,0,0,0,0,0,0,0,0,0,0,0,0
OTU430,0,0,0,0,0,0,18,0,0,0,0,0,0,0,0,0
OTU431,0,0,0,12,0,0,0,0,0,0,0,0,0,0,0,0
OTU432,0,0,0,0,0,6,0,0,0,6,32,7,0,0,0,0
OTU433,0,22,0,8,5,8,21,26,77,98,278,31,16,11,8,0
OTU434,0,0,0,0,0,0,0,0,0,4,0,0,0,0,0,0
OTU435,0,0,0,8,0,0,0,0,0,0,0,0,0,0,0,0
OTU436,0,0,0,0,0,0,0,0,0,0,0,0,0,0,7,0
OTU437,0,0,0,0,0,0,0,0,0,0,0,0,0,0,15,0
OTU438,0,0,0,0,0,0,0,0,0,0,0,0,0,0,2,0
OTU439,0,0,0,0,0,0,0,0,0,0,0,0,0,0,104,0
OTU440,0,0,0,0,0,2,0,0,0,0,0,0,0,0,0,0
OTU441,0,0,0,0,0,0,0,6,0,0,0,0,7,0,0,0
OTU442,0,0,0,0,0,0,0,0,0,0,0,0,0,0,6,0
OTU443,0,0,0,0,0,0,0,0,0,0,0,0,0,0,4,0
OTU444,0,0,0,0,0,0,0,0,0,0,0,0,0,0,15,0
OTU445,0,0,0,0,0,18,0,0,0,0,0,0,0,0,0,0
OTU446,0,0,0,0,0,0,0,0,113,0,3,0,0,0,0,0
OTU447,0,0,0,4,0,0,0,0,0,0,0,0,0,0,16,0
OTU448,0,0,0,9,0,0,2,0,0,6,0,0,0,0,102,0
OTU449,0,0,0,2,0,0,0,0,0,0,0,0,0,0,569,0
OTU450,0,0,0,0,0,0,0,0,0,2,0,0,0,0,0,0
OTU451,0,0,0,3,0,0,0,0,0,0,0,0,0,0,0,0
OTU452,0,0,0,0,0,0,0,2,0,0,0,0,0,0,0,0
OTU453,0,0,0,2,0,0,0,0,0,0,0,0,0,0,0,0
OTU454,0,0,0,5,0,0,0,0,0,0,0,0,0,0,0,0
OTU455,0,0,0,3,0,0,0,0,0,0,0,0,0,0,0,0
OTU456,0,0,0,0,0,0,0,31,0,0,0,0,0,0,0,0
OTU457,0,0,0,3,0,0,0,0,0,0,0,0,0,0,0,0
OTU458,0,0,0,3,0,0,0,0,0,0,0,0,0,0,0,0
OTU459,0,0,0,0,0,0,0,0,0,0,0,4,0,0,0,0
OTU460,0,0,0,0,0,0,0,0,0,0,4,0,0,0,0,0
OTU461,0,0,0,0,0,0,0,0,0,0,8,0,0,0,0,0
OTU462,0,0,0,0,0,4,0,0,0,0,0,0,0,0,0,0
OTU463,0,0,4,0,0,0,0,0,0,0,0,0,0,0,0,0
OTU464,0,0,0,0,0,0,0,0,7,0,0,0,0,0,0,0
OTU465,0,0,0,0,0,0,0,0,24,0,11,0,0,0,0,0
OTU466,0,0,0,0,0,0,0,0,0,0,0,0,0,0,5,0
OTU467,0,0,0,0,0,0,0,0,0,0,0,0,5,0,0,0
OTU468,0,0,0,0,0,0,0,0,0,0,8,0,0,0,0,0
OTU469,0,0,0,0,16,0,0,0,0,0,0,0,0,0,0,0
OTU470,0,0,0,4,9,10,105,37,0,24,25,0,4,16,0,0
OTU471,0,0,0,0,0,0,0,2,0,0,0,0,0,0,0,0
OTU472,0,0,0,0,0,16,74,65,175,0,31,10,0,0,25,0
OTU473,0,0,0,0,0,0,0,0,0,0,3,0,0,0,0,0
OTU474,0,0,0,0,0,0,0,0,0,0,0,0,0,0,95,0
OTU475,0,0,0,3,0,0,0,0,0,0,0,0,0,0,0,0
OTU476,0,0,0,0,0,0,0,0,0,5,0,0,0,0,0,0
OTU477,0,0,0,0,0,0,0,0,0,6,0,0,0,0,0,0
OTU478,0,0,0,0,0,0,0,0,0,0,9,0,0,0,0,0
OTU479,0,2,0,0,0,11,3,0,79,21,44,15,4,0,0,0
OTU480,0,0,0,0,0,9,151,214,613,0,0,0,0,0,0,0
OTU481,0,0,0,0,0,0,2,0,0,0,0,0,0,0,0,0
OTU482,0,0,0,0,0,0,0,0,0,0,0,0,3,0,0,0
OTU483,0,0,0,0,0,0,0,0,0,3,0,0,0,0,0,0
OTU484,0,0,0,0,0,0,0,0,8,0,0,0,0,0,0,0
OTU485,0,0,0,3,0,0,0,0,0,0,0,0,0,0,0,0
OTU486,0,0,0,0,0,0,0,0,0,0,0,24,0,0,0,0
OTU487,0,0,0,0,0,0,0,0,0,0,5,0,0,0,0,0
OTU488,0,0,0,0,0,0,5,0,0,0,0,0,0,0,0,0
OTU489,0,0,0,0,0,0,0,0,0,0,5,0,0,3,0,0
OTU490,0,0,0,0,0,0,0,0,0,5,0,6,0,0,0,0
OTU491,0,0,0,0,0,0,0,0,0,0,0,0,0,0,11,0
OTU492,0,0,0,0,0,0,0,0,5,7,9,0,0,0,0,0
OTU493,0,0,0,0,0,0,0,0,0,0,0,10,20,15,0,0
OTU494,0,0,0,0,0,0,0,0,0,2,0,0,0,0,0,0
OTU495,0,0,0,0,0,0,0,0,0,2,0,0,0,0,0,0
OTU496,0,0,0,3,0,0,32,0,0,0,0,0,0,0,0,0
OTU497,0,0,0,0,0,0,2,0,0,0,0,0,0,0,0,0
OTU498,0,0,0,2,0,0,0,0,0,0,0,0,0,0,0,0
OTU499,0,0,0,0,0,0,0,0,0,0,0,0,0,0,8,0
OTU500,0,0,0,0,3,0,0,0,0,0,0,0,0,0,0,0
OTU501,0,0,0,13,0,0,0,0,0,0,0,0,0,0,0,0
OTU502,0,0,0,0,3,0,0,0,0,0,0,0,0,0,0,0
OTU503,0,0,0,0,0,0,0,0,0,0,0,0,4,0,0,0
OTU504,0,0,0,0,0,0,0,0,5,0,0,0,0,0,0,0
OTU505,0,22,40,63,53,0,0,0,133,157,455,0,0,5,0,0
OTU506,0,0,0,0,0,0,9,0,0,0,0,0,8,0,0,0
OTU507,0,0,0,7,0,0,0,0,0,0,0,0,0,0,0,0
OTU508,0,0,0,8,0,0,0,0,0,0,0,0,0,0,0,0
OTU509,0,0,0,0,0,4,6,4,0,0,0,2,0,0,0,0
OTU510,0,0,0,0,0,0,0,0,0,16,0,0,0,0,0,0
OTU511,0,0,0,82,0,0,0,0,0,22,11,0,0,0,0,0
OTU512,0,0,0,0,0,0,0,0,0,0,0,0,0,0,33,0
OTU513,0,0,0,0,0,0,0,0,0,18,0,0,0,0,0,0
OTU514,0,0,0,0,0,39,0,0,0,0,0,0,0,0,0,0
OTU515,0,0,0,0,0,0,5,0,0,0,0,0,0,0,0,0
OTU516,0,0,0,0,0,0,0,0,0,5,0,0,0,0,0,0
OTU517,0,0,0,27,7,5,0,0,0,0,0,0,0,0,0,0
OTU518,0,0,3,0,0,0,0,0,0,0,0,0,0,0,0,0
OTU519,0,0,0,0,0,0,0,0,0,4,0,0,0,0,0,0
OTU520,0,0,0,0,0,0,0,6,0,0,0,0,0,0,0,0
OTU521,0,0,0,0,0,0,0,0,0,0,5,0,0,0,0,0
OTU522,0,0,0,0,0,3,0,8,0,0,0,0,0,0,0,0
OTU523,0,0,10,0,0,0,0,0,0,0,0,0,0,0,0,0
OTU524,0,0,0,35,0,0,16,0,0,0,0,0,0,0,0,0
OTU525,0,0,0,0,0,70,415,410,0,0,0,42,184,111,0,0
OTU526,0,0,0,0,0,0,2,0,0,0,0,0,0,0,0,0
OTU527,0,0,0,2,0,0,0,0,0,0,0,0,0,0,0,0
OTU528,0,0,0,0,0,0,25,0,0,0,0,0,0,0,0,0
OTU529,0,0,0,0,0,0,0,0,0,0,3,0,0,0,0,0
OTU530,0,0,0,0,0,0,0,0,0,0,37,0,0,0,0,0
OTU531,0,0,0,6,0,0,0,0,0,0,0,0,0,0,0,0
OTU532,0,0,0,0,0,0,0,0,5,0,0,0,0,0,0,0
OTU533,0,0,0,0,0,0,0,0,0,0,0,0,0,0,8,0
OTU534,0,0,0,7,0,0,3,5,0,10,27,8,22,23,427,0
OTU535,0,0,0,0,0,0,9,0,0,0,0,0,0,0,0,0
OTU536,0,0,0,0,0,0,0,0,0,6,6,0,12,0,0,0
OTU537,0,0,0,9,0,0,0,0,0,2,0,0,0,0,0,0
OTU538,0,0,0,26,0,0,0,0,7,11,19,0,0,0,0,0
OTU539,0,0,0,0,8,0,0,0,0,0,14,0,0,0,0,0
OTU540,0,0,0,0,9,0,0,0,0,6,7,0,0,0,0,0
OTU541,0,0,0,0,0,0,0,0,4,0,0,4,22,11,0,0
OTU542,0,0,0,5,0,0,0,0,0,0,0,0,0,0,192,0
OTU543,0,0,0,0,0,0,0,0,0,0,0,0,0,0,20,0
OTU544,0,0,0,54,0,0,0,0,0,0,0,0,0,0,0,0
OTU545,0,0,0,0,0,0,0,0,0,0,0,0,0,0,5,0
OTU546,0,0,0,0,0,0,0,0,0,0,7,0,0,0,0,0
OTU547,0,0,0,12,0,0,0,0,0,0,0,0,0,0,0,0
OTU548,0,0,0,0,0,0,0,0,0,163,0,0,0,0,0,0
OTU549,0,0,0,0,0,0,0,0,2,0,0,0,0,0,0,0
OTU550,0,0,0,0,8,0,0,0,0,0,0,0,0,0,0,0
OTU551,0,0,0,0,0,0,4,0,0,0,0,0,0,0,0,0
OTU552,0,0,0,8,0,0,0,0,0,0,0,0,0,0,0,0
OTU553,0,0,0,0,0,0,5,0,0,0,0,0,0,0,0,0
OTU554,0,0,0,0,0,0,0,0,0,10,0,0,0,0,0,0
OTU555,0,0,0,0,0,0,0,11,0,0,0,0,0,0,0,0
OTU556,0,0,0,0,0,0,0,0,7,3,3,0,0,0,0,0
OTU557,0,45,0,0,0,7,44,39,344,178,630,5,0,0,0,0
OTU558,0,0,0,10,0,0,0,0,0,8,0,0,0,0,0,0
OTU559,0,0,0,44,0,0,0,0,0,0,0,0,0,0,0,0
OTU560,0,0,0,0,0,0,0,0,0,0,0,0,0,0,100,0
OTU561,0,0,0,0,0,0,0,0,0,0,0,7,14,13,0,0
OTU562,0,0,0,0,0,0,0,0,0,0,0,0,0,0,35,0
OTU563,0,0,164,36,16,46,12,24,44,6,42,4,0,0,0,0
OTU564,0,64,1944,3632,2126,18,0,2,723,438,1374,354,142,52,0,0
OTU565,0,0,0,0,0,0,0,0,0,0,3,0,0,0,0,0
OTU566,0,0,0,20,6,0,0,0,0,0,0,0,0,0,0,0
OTU567,0,0,0,0,79,0,0,0,0,0,0,0,0,0,0,0
OTU568,0,0,0,0,0,0,0,0,0,0,0,0,0,2,0,0
OTU569,0,0,0,0,0,0,0,4,0,0,0,0,0,0,0,0
OTU570,0,0,0,4,0,0,0,0,0,0,0,0,0,0,0,0
OTU571,0,0,0,0,0,0,0,0,6,0,0,0,0,0,0,0
OTU572,0,0,0,0,0,0,0,0,0,0,0,0,11,0,0,0
OTU573,0,0,0,0,0,0,0,0,91,6,12,0,0,0,0,0
OTU574,0,0,0,0,0,0,0,0,0,0,0,0,0,0,12,0
OTU575,0,0,0,0,0,2,8,11,18,36,74,6,0,0,0,0
OTU576,0,0,0,0,0,0,0,0,0,0,2,0,0,0,0,0
OTU577,0,0,0,0,0,0,0,8,0,0,0,0,0,0,0,0
OTU578,0,0,0,0,0,0,0,0,0,0,0,0,2,0,0,0
OTU579,0,0,0,7,0,0,0,0,0,11,3,0,0,0,0,0
OTU580,0,0,0,0,0,2,0,0,0,0,0,0,0,0,0,0
OTU581,0,8,0,0,0,0,0,0,71,101,257,0,0,0,0,0
OTU582,0,0,0,0,0,0,0,0,2,0,0,0,0,0,0,0
OTU583,0,0,0,0,0,0,0,0,0,0,0,0,0,0,93,0
OTU584,0,0,0,0,2,0,0,0,0,0,0,0,0,0,0,0
OTU585,0,0,0,0,0,0,0,4,0,0,0,0,13,6,0,0
OTU586,0,0,0,0,2,0,0,0,0,0,0,0,0,0,0,0
OTU587,0,0,0,12,0,0,0,0,0,13,3,0,0,0,105,0
OTU588,0,0,0,0,0,0,0,0,0,0,0,3,0,0,0,0
OTU589,0,0,0,0,0,0,0,0,0,0,3,0,0,0,0,0
OTU590,0,0,0,0,0,0,3,0,0,0,0,0,0,0,0,0
OTU591,0,0,0,0,4,0,0,0,0,0,0,0,0,0,0,0
OTU592,0,0,4,0,0,0,0,0,0,0,0,0,0,0,0,0
OTU593,0,0,0,0,0,0,0,0,0,5,0,0,0,0,0,0
OTU594,0,0,0,5,0,0,0,0,0,0,0,0,0,0,0,0
OTU595,0,0,0,12,0,0,0,0,0,0,0,0,0,0,0,0
OTU596,0,0,0,0,0,6,0,0,0,0,0,0,0,0,0,0
OTU597,0,12,0,0,0,268,16,14,277,190,586,90,15,18,0,0
OTU598,0,0,0,7,0,0,0,0,0,0,0,0,0,0,0,0
OTU599,0,0,0,0,0,0,0,0,12,0,0,0,0,0,0,0
OTU600,0,0,0,0,0,0,0,0,0,0,0,0,0,2,0,0
OTU601,0,0,0,0,0,0,2,0,0,0,0,0,0,0,0,0
OTU602,0,0,0,0,0,0,0,3,0,0,0,0,0,0,0,0
OTU603,0,0,0,0,0,0,0,0,17,0,0,0,2,0,0,0
OTU604,0,0,0,0,0,0,0,0,0,0,0,0,0,0,5,0
OTU605,0,0,0,0,0,0,0,0,0,6,0,0,0,0,0,0
OTU606,0,0,0,6,0,0,0,0,0,0,0,0,0,0,0,0
OTU607,0,0,0,0,0,0,0,0,0,0,0,0,0,0,152,0
OTU608,0,0,0,6,0,0,0,0,0,0,0,0,0,0,0,0
OTU609,0,0,0,0,0,8,0,0,0,0,0,0,0,0,0,0
OTU610,0,0,0,0,0,0,0,0,0,0,0,0,0,0,15,0
OTU611,0,0,0,0,0,0,0,0,0,0,0,0,16,0,0,0
OTU612,0,0,0,2,0,0,0,0,0,0,0,0,0,0,87,0
OTU613,0,0,0,0,0,0,0,0,0,0,0,0,0,0,24,0
OTU614,0,0,0,0,0,0,0,0,0,0,0,0,0,0,364,0
OTU615,0,0,0,0,0,0,0,0,0,31,0,0,0,0,0,0
OTU616,0,0,0,0,0,0,0,0,0,0,0,0,0,0,348,0
OTU617,0,0,0,2,0,0,0,0,0,0,0,0,0,0,0,0
OTU618,0,0,0,0,0,8,0,0,0,0,0,0,0,0,0,0
OTU619,0,0,0,0,0,0,0,0,0,0,3,0,0,0,0,0
OTU620,0,0,0,0,0,0,0,0,0,0,0,0,0,0,7,0
OTU621,0,0,0,0,0,0,0,0,0,3,0,0,0,0,0,0
OTU622,0,0,0,0,0,0,0,0,0,5,0,0,0,0,0,0
OTU623,0,0,0,0,0,0,0,0,8,0,0,0,0,0,0,0
OTU624,0,0,0,0,0,0,0,0,13,0,10,0,0,0,8,0
OTU625,0,0,0,0,0,0,0,0,38,0,0,0,0,0,0,0
OTU626,0,0,0,0,0,0,0,0,24,0,16,2,0,0,0,0
OTU627,0,10,78,159,193,0,0,0,24,75,159,0,0,3,0,0
OTU628,0,0,0,0,2,0,0,0,0,0,0,0,0,0,0,0
OTU629,0,0,0,0,0,0,0,0,0,0,0,0,11,0,0,0
OTU630,0,0,0,0,0,0,0,0,0,3,0,0,0,0,0,0
OTU631,0,0,0,2,0,0,0,0,0,0,0,0,0,0,0,0
OTU632,0,0,3,0,0,0,0,0,0,0,0,0,0,0,0,0
OTU633,0,0,0,0,0,0,0,0,0,0,0,0,0,0,13,0
OTU634,0,0,0,0,0,0,0,0,0,0,4,0,0,0,0,0
OTU635,0,0,0,0,0,0,0,0,0,0,8,0,0,0,0,0
OTU636,0,0,0,0,4,0,0,0,0,0,0,0,0,0,0,0
OTU637,0,0,0,0,0,0,7,0,0,0,0,0,0,0,0,0
OTU638,0,0,0,7,0,0,0,0,0,0,0,0,0,0,0,0
OTU639,0,0,0,13,0,0,0,0,0,0,8,0,0,0,0,0
OTU640,0,0,0,0,0,0,0,0,0,0,0,0,0,0,11,0
OTU641,0,0,0,0,0,0,0,0,0,0,0,0,0,0,60,0
OTU642,0,0,0,0,0,0,0,0,0,0,0,0,0,0,22,0
OTU643,0,0,0,0,0,0,32,14,0,0,0,0,5,0,0,0
OTU644,0,0,0,0,0,0,0,0,29,12,29,0,0,0,0,0
OTU645,0,0,75,0,0,0,0,0,0,0,0,0,0,0,0,0
OTU646,0,0,4,12,10,906,82,95,335,18,28,130,196,121,0,0
OTU647,0,0,0,0,0,0,0,8,0,0,0,0,0,0,0,0
OTU648,0,0,0,0,0,0,0,0,0,0,0,0,0,0,155,0
OTU649,0,0,53,0,0,0,0,0,0,0,0,0,0,0,0,0
OTU650,0,0,0,0,5,0,0,0,0,0,0,0,0,0,0,0
OTU651,0,0,0,0,0,0,39,0,0,0,0,0,0,0,0,0
OTU652,0,0,0,0,0,2,0,0,0,0,0,0,0,0,0,0
OTU653,0,133,0,0,0,0,0,0,0,0,0,0,0,0,0,0
OTU654,0,0,0,0,0,0,0,0,0,3,0,0,0,0,0,0
OTU655,0,0,0,0,0,0,0,0,0,0,0,0,0,0,23,0
OTU656,0,0,0,0,7,0,0,0,0,0,0,0,0,0,0,0
OTU657,0,0,0,0,0,0,0,0,0,0,0,3,6,0,0,0
OTU658,0,0,0,0,0,0,0,0,20,0,3,0,0,0,0,0
OTU659,0,0,0,0,0,0,0,0,24,0,0,10,0,0,0,0
OTU660,0,0,0,0,0,0,0,0,0,0,0,0,0,0,45,0
OTU661,0,0,23,69,27,48,13,15,59,0,0,37,14,4,0,0
OTU662,0,0,0,0,0,0,0,0,0,5,0,0,0,0,0,0
OTU663,0,0,0,17,0,0,0,0,0,0,7,0,0,0,0,0
OTU664,0,19,76,60,28,316,1123,1172,627,141,374,121,214,145,1507,5
OTU665,0,0,0,0,0,0,0,5,0,0,0,0,0,0,0,0
OTU666,0,0,0,0,0,0,0,0,0,15,0,0,0,0,31,0
OTU667,0,0,0,0,0,0,0,0,2,0,0,0,0,0,0,0
OTU668,0,0,0,0,0,0,8,11,0,0,0,0,0,0,0,0
OTU669,0,0,0,2,0,0,0,0,0,0,0,0,0,0,0,0
OTU670,0,0,0,0,0,0,5,6,0,0,5,0,0,0,0,0
OTU671,0,0,0,0,0,0,0,0,0,4,0,0,0,0,0,0
OTU672,0,0,0,0,4,0,0,0,0,0,0,0,0,0,0,0
OTU673,0,12,194,8,7,50,6,7,1028,136,383,19,0,6,0,0
OTU674,0,0,0,0,0,0,0,0,5,0,0,0,0,0,0,0
OTU675,0,0,0,0,0,0,0,0,5,0,0,0,0,0,0,0
OTU676,0,0,0,7,0,0,0,0,0,0,0,0,11,0,48,0
OTU677,0,0,0,5,0,0,0,0,0,0,0,0,0,0,0,0
OTU678,0,0,0,24,0,0,7,5,0,0,0,0,0,0,0,0
OTU679,0,0,0,14,4,0,0,0,0,0,0,0,0,0,0,0
OTU680,0,0,0,0,0,4,0,0,0,11,3,0,0,0,0,0
OTU681,0,0,0,0,0,0,0,0,0,0,0,0,34,0,0,0
OTU682,0,0,0,0,0,0,0,0,0,0,0,0,0,0,25,0
OTU683,0,0,0,0,0,0,0,0,0,0,0,0,3,0,0,0
OTU684,0,0,0,0,0,0,0,0,0,0,0,0,0,0,27,0
OTU685,0,0,0,0,0,3,0,0,0,0,0,0,0,0,0,0
OTU686,0,0,0,5,0,0,0,0,0,0,0,0,0,0,0,0
OTU687,0,0,0,0,0,0,0,0,0,0,0,0,0,0,16,0
OTU688,0,0,0,0,0,0,0,0,6,0,0,0,0,0,0,0
OTU689,0,0,0,0,0,0,23,11,0,0,0,0,0,0,0,0
OTU690,0,0,0,0,5,0,0,0,7,0,6,0,0,0,2,0
OTU691,0,0,14,0,0,49,0,0,34,0,0,14,0,0,0,0
OTU692,0,0,0,0,0,0,0,0,0,0,11,0,0,0,0,0
OTU693,0,0,0,0,0,0,0,0,0,2,0,0,0,0,0,0
OTU694,0,0,0,0,0,0,0,0,0,0,0,0,0,0,85,0
OTU695,0,0,0,0,0,0,0,0,0,2,0,0,0,0,0,0
OTU696,0,0,0,0,0,4,0,0,0,0,0,0,0,0,0,0
OTU697,0,0,0,0,0,0,0,0,12,0,0,0,0,0,0,0
OTU698,0,0,0,4,0,0,0,0,0,0,0,0,0,0,0,0
OTU699,0,0,0,0,0,0,0,0,0,8,0,0,0,0,0,0
OTU700,0,0,0,0,0,0,0,0,0,10,5,0,0,0,0,0
OTU701,0,0,0,20,0,0,0,0,0,4,0,0,0,0,0,0
OTU702,0,0,0,16,0,0,0,0,0,5,0,0,0,0,0,0
OTU703,0,0,0,7,0,0,0,0,4,13,0,0,0,0,0,0
OTU704,0,0,27,0,0,11,0,0,215,0,0,0,0,0,0,0
OTU705,0,0,909,9,7,1030,9,3,31,0,0,4,0,0,0,0
OTU706,0,0,0,0,0,0,0,0,0,0,0,0,0,0,561,0
OTU707,0,0,0,0,0,0,0,0,0,0,0,0,0,0,2,0
OTU708,0,0,0,2,0,0,0,0,0,0,0,0,0,0,0,0
OTU709,0,0,0,0,0,0,0,0,0,0,0,0,0,0,34,0
OTU710,0,0,19,0,0,0,0,3,0,0,0,0,0,0,0,0
OTU711,0,25,0,0,0,0,0,0,0,0,0,0,0,0,0,0
OTU712,0,0,0,0,0,0,0,0,0,0,0,0,0,0,265,0
OTU713,0,0,0,0,0,0,0,0,7,0,0,0,0,0,0,0
OTU714,0,22,0,0,0,0,0,0,0,0,90,0,0,0,0,0
OTU715,0,0,0,3,0,0,0,0,0,0,0,0,0,0,0,0
OTU716,0,0,0,14,0,0,0,0,0,0,0,0,0,0,0,0
OTU717,0,0,0,0,0,0,0,0,0,0,0,0,2,0,0,0
OTU718,0,0,0,0,0,0,0,0,0,5,0,0,0,0,0,0
OTU719,0,0,0,0,0,2,0,0,0,0,0,0,0,0,0,0
OTU720,0,0,0,2,0,0,0,0,0,0,0,0,0,0,0,0
OTU721,0,0,0,0,0,0,0,0,0,6,0,0,0,0,0,0
OTU722,0,0,0,0,0,5,7,0,0,0,0,0,0,0,0,0
OTU723,0,0,0,0,0,0,22,0,0,0,0,0,0,0,0,0
OTU724,0,30,73,150,293,100,5,4,141,226,704,0,0,0,0,0
OTU725,0,0,0,0,0,0,0,0,0,0,3,0,0,0,0,0
OTU726,0,0,0,0,0,0,5,0,0,0,0,0,0,0,0,0
OTU727,0,0,0,0,0,0,0,0,0,0,4,0,0,0,0,0
OTU728,0,0,0,0,0,0,0,0,0,4,0,0,0,0,0,0
OTU729,0,0,0,0,0,0,0,0,0,0,6,0,0,0,0,0
OTU730,0,0,0,6,0,0,0,0,0,0,0,0,0,0,0,0
OTU731,0,0,92,0,0,0,0,0,0,0,0,0,0,0,0,0
OTU732,0,0,0,0,0,90,329,330,0,0,0,0,0,0,0,0
OTU733,0,0,12,0,0,0,0,0,0,0,0,0,0,0,0,0
OTU734,0,16,0,260,27,0,0,0,26,68,259,0,5,0,20,0
OTU735,0,74,5,6,0,239,34,57,948,639,1551,95,210,142,8,0
OTU736,0,0,0,0,0,0,0,0,0,0,0,0,0,0,26,0
OTU737,0,0,10,0,0,0,0,0,0,0,0,0,0,0,0,0
OTU738,0,0,0,0,0,0,0,0,0,4,0,0,0,0,0,0
OTU739,0,0,0,5,0,0,0,0,0,0,0,0,0,0,0,0
OTU740,0,0,0,0,0,0,0,4,0,0,0,0,0,0,0,0
OTU741,0,0,4,0,0,0,0,0,0,0,0,0,0,0,0,0
OTU742,0,0,0,0,0,0,0,2,0,0,0,0,0,0,0,0
OTU743,0,0,0,2,0,0,0,0,0,0,0,0,0,0,0,0
OTU744,0,0,0,0,0,0,0,0,0,0,0,0,3,0,0,0
OTU745,0,0,0,0,0,0,0,0,0,0,3,0,0,0,0,0
OTU746,0,0,0,0,0,0,0,0,0,5,0,0,0,0,0,0
OTU747,0,0,0,0,0,0,0,0,0,4,0,0,0,0,0,0
OTU748,0,0,0,0,0,0,0,0,0,6,0,0,0,0,0,0
OTU749,0,0,0,0,0,0,0,0,0,0,8,0,0,0,0,0
OTU750,0,0,0,0,0,0,0,0,0,0,0,0,0,0,275,0
OTU751,0,0,0,0,0,0,0,0,0,0,0,0,0,0,21,0
OTU752,0,0,0,0,0,0,0,0,0,3,0,0,0,0,0,0
OTU753,0,0,0,0,0,0,4,0,0,0,0,0,0,0,0,0
OTU754,0,0,0,7,0,0,0,0,0,13,0,0,0,0,0,0
OTU755,0,0,0,0,4,0,0,0,0,0,0,0,0,0,0,0
OTU756,0,0,0,13,0,0,0,0,0,0,0,0,0,0,0,0
OTU757,0,0,0,4,2,0,0,0,0,0,0,0,0,0,37,0
OTU758,0,0,0,0,0,12,0,0,0,0,0,0,0,0,0,0
OTU759,0,0,0,0,0,9,28,17,0,0,11,0,0,0,0,0
OTU760,0,0,0,0,0,0,0,0,0,0,0,0,0,0,117,0
OTU761,0,0,0,0,0,0,0,0,0,0,0,0,0,0,919,0
OTU762,0,0,0,0,0,0,0,0,0,6,0,0,0,0,0,0
OTU763,0,0,0,0,0,0,0,0,0,0,0,2,0,0,0,0
OTU764,0,0,0,0,0,0,0,0,0,2,0,0,0,0,0,0
OTU765,0,0,0,0,0,0,0,0,0,0,3,0,0,0,0,0
OTU766,0,0,0,0,0,4,0,0,0,0,0,0,0,0,0,0
OTU767,0,0,0,0,0,0,0,0,0,0,0,0,0,0,5,0
OTU768,0,0,0,0,0,7,0,0,0,0,0,0,0,0,0,0
OTU769,0,0,0,0,0,0,0,0,0,0,0,0,0,0,10,0
OTU770,0,0,0,0,0,0,0,0,0,0,10,0,0,0,0,0
OTU771,0,0,0,0,0,0,0,0,0,0,0,0,0,0,11,0
OTU772,0,0,0,0,0,0,0,0,0,0,0,0,0,0,1096,0
OTU773,0,0,11,0,0,0,0,0,390,0,0,0,0,0,0,0
OTU774,0,0,20,0,0,0,0,0,12,0,0,0,0,0,0,0
OTU775,0,0,0,0,0,0,0,0,0,0,6,0,0,0,0,0
OTU776,0,0,0,4,0,0,0,0,0,0,4,0,0,0,0,0
OTU777,0,0,0,0,0,0,0,0,10,0,0,0,0,0,0,0
OTU778,0,0,0,13,0,0,0,0,0,0,0,0,0,0,0,0
OTU779,0,0,0,0,0,0,3,0,0,0,0,0,0,0,0,0
OTU780,0,0,0,0,0,0,0,8,0,0,0,0,0,0,0,0
OTU781,0,0,0,0,0,0,21,0,0,0,0,0,0,0,0,0
OTU782,0,0,0,0,0,0,0,0,0,0,0,0,0,0,20,0
OTU783,0,0,35,0,0,0,0,0,0,0,0,0,0,0,0,0
OTU784,0,0,0,0,21,0,0,23,0,0,0,0,0,0,0,0
OTU785,0,0,0,0,2,0,0,0,0,0,0,0,0,0,326,0
OTU786,0,0,0,0,0,0,0,0,0,0,0,0,0,0,3,0
OTU787,0,0,0,0,0,0,3,0,0,0,0,0,0,0,0,0
OTU788,0,0,0,0,0,10,0,0,0,0,0,0,0,0,0,0
OTU789,0,0,0,0,0,0,0,0,0,0,0,0,0,0,99,0
OTU790,0,0,8,0,0,0,0,0,0,0,0,0,0,0,0,0
OTU791,0,0,0,9,0,0,0,0,0,0,0,0,0,0,0,0
OTU792,0,0,0,9,0,0,0,0,0,0,0,0,0,0,0,0
OTU793,0,0,0,0,0,0,0,0,195,9,29,0,15,6,0,0
OTU794,0,8,102,64,48,72,142,131,65,37,98,3,0,0,0,0
OTU795,0,0,0,0,0,0,0,0,0,0,9,0,0,0,0,0
OTU796,0,0,0,0,0,0,0,0,0,0,0,0,3,0,0,0
OTU797,0,0,0,0,0,0,0,0,0,0,0,5,0,0,0,0
OTU798,0,0,0,0,0,0,0,0,0,5,0,0,0,0,0,0
OTU799,0,0,0,0,0,0,0,0,0,14,0,0,0,0,0,0
OTU800,0,0,0,0,0,0,0,0,0,0,0,20,0,0,0,0
OTU801,0,0,0,0,2,0,0,0,0,0,0,0,0,0,0,0
OTU802,0,0,0,0,3,0,0,0,0,0,0,0,0,0,0,0
OTU803,0,0,0,0,0,0,0,0,0,0,4,0,0,0,0,0
OTU804,0,0,0,0,0,0,0,0,11,23,34,15,0,0,0,0
OTU805,0,0,0,0,0,0,0,0,0,4,0,0,0,0,0,0
OTU806,0,0,0,0,0,0,0,0,7,0,0,0,0,0,0,0
OTU807,0,0,0,0,0,0,13,0,0,0,0,0,0,0,0,0
OTU808,0,0,0,12,14,0,0,0,0,0,0,0,0,0,0,0
OTU809,0,0,13,0,0,0,0,0,0,0,0,0,0,0,0,0
OTU810,0,0,0,0,0,0,0,0,0,0,0,0,0,0,109,0
OTU811,0,0,0,0,0,0,0,0,0,0,0,0,0,0,43,0
OTU812,0,0,0,0,0,0,0,0,0,0,0,0,0,0,6,0
OTU813,0,0,0,0,0,0,0,0,0,0,0,0,0,0,17,0
OTU814,0,0,0,0,0,0,0,0,0,6,0,0,0,0,0,0
OTU815,0,0,0,0,0,0,0,6,0,9,0,0,0,0,0,0
OTU816,0,0,0,0,0,0,7,0,0,0,0,0,0,0,0,0
OTU817,0,0,0,9,0,0,0,0,0,0,0,0,0,0,0,0
OTU818,0,0,0,12,0,0,0,0,0,7,4,0,0,0,0,0
OTU819,0,0,0,0,0,0,0,0,28,0,19,0,0,6,0,0
OTU820,0,0,21,0,0,21,0,0,657,0,5,0,0,0,0,0
OTU821,0,0,0,0,0,0,0,0,0,33,0,0,0,0,0,0
OTU822,0,0,0,0,0,0,0,0,0,0,0,0,0,0,374,0
OTU823,0,0,0,7,0,0,0,0,0,0,0,0,0,0,0,0
OTU824,0,0,0,2,0,0,0,0,0,0,0,0,0,0,0,0
OTU825,0,0,0,9,0,0,0,0,0,0,0,0,0,0,0,0
OTU826,0,0,0,0,0,0,3,0,0,0,0,0,0,0,0,0
OTU827,0,0,0,0,0,0,3,0,0,0,0,0,0,0,0,0
OTU828,0,0,0,0,0,0,0,0,0,0,0,0,0,0,4,0
OTU829,0,0,0,0,0,0,0,0,0,36,5,0,0,0,393,0
OTU830,0,0,0,0,0,0,0,0,0,4,0,0,0,0,0,0
OTU831,0,0,0,0,0,0,0,0,0,0,0,0,2,4,0,0
OTU832,0,0,0,0,0,5,13,0,0,0,0,0,0,0,0,0
OTU833,0,0,0,0,0,0,0,0,0,7,0,0,0,0,0,0
OTU834,0,0,0,0,0,0,0,0,0,6,0,0,0,0,0,0
OTU835,0,0,0,0,0,0,0,0,0,30,0,0,0,0,0,0
OTU836,0,0,0,13,0,0,0,0,0,0,0,0,0,0,0,0
OTU837,0,0,0,0,0,0,2,0,0,0,0,0,0,0,0,0
OTU838,0,0,0,0,0,0,0,0,0,0,0,0,0,0,23,0
OTU839,0,0,0,2,0,0,0,0,0,0,0,0,0,0,0,0
OTU840,0,0,0,2,0,0,0,0,0,0,0,0,0,0,0,0
OTU841,0,0,0,0,0,0,0,0,3,0,0,0,0,0,0,0
OTU842,0,0,0,0,4,0,0,0,0,0,0,0,0,0,0,0
OTU843,0,0,0,0,0,0,0,0,0,0,6,0,0,0,0,0
OTU844,0,0,0,0,0,0,0,0,0,0,0,0,0,0,19,0
OTU845,0,0,0,0,0,0,0,0,15,28,35,0,0,0,33,0
OTU846,0,0,0,0,0,0,0,0,0,0,0,0,0,0,25,0
OTU847,0,0,0,0,0,0,0,0,0,0,0,0,20,6,0,0
OTU848,0,0,0,0,0,0,0,0,0,5,0,0,0,0,0,0
OTU849,0,0,0,0,0,0,0,0,10,0,0,0,0,0,0,0
OTU850,0,0,0,0,0,0,0,0,0,5,0,0,0,0,0,0
OTU851,0,0,0,0,0,5,0,0,0,0,0,0,2,0,0,0
OTU852,0,0,0,0,0,0,0,0,0,0,14,0,0,0,0,0
OTU853,0,0,0,0,0,0,0,0,25,0,0,0,0,0,0,0
OTU854,0,0,0,0,0,0,0,0,0,0,0,47,0,0,0,0
OTU855,0,0,0,12,0,0,0,0,0,17,25,0,36,10,168,0
OTU856,0,0,0,0,0,0,0,0,0,2,0,0,0,0,0,0
OTU857,0,0,0,0,0,0,0,0,6,0,0,0,0,0,0,0
OTU858,0,0,0,0,0,0,0,0,0,0,0,0,0,0,7,0
OTU859,0,0,0,0,0,0,0,8,0,0,0,0,0,0,0,0
OTU860,0,0,0,56,0,0,0,0,0,0,0,0,0,0,0,0
OTU861,0,0,0,0,0,0,0,0,0,0,0,0,0,0,102,0
OTU862,0,0,0,0,694,0,0,0,0,0,0,0,0,0,0,0
OTU863,0,61,461,303,252,1032,1311,1194,405,363,1555,6,5,0,0,6
OTU864,0,0,0,0,0,0,0,4,0,0,0,0,0,0,0,0
OTU865,0,0,0,0,0,0,0,16,0,0,0,0,0,0,0,0
OTU866,0,0,0,0,0,0,3,0,0,0,0,0,0,0,0,0
OTU867,0,0,0,0,0,0,0,0,0,4,0,0,0,0,0,0
OTU868,0,0,0,0,10,0,0,0,0,0,0,0,0,0,0,0
OTU869,0,0,0,10,0,0,0,0,0,0,0,0,0,0,0,0
OTU870,0,0,0,0,0,18,0,0,0,0,0,0,0,0,0,0
OTU871,0,0,0,74,0,8,20,0,0,0,2,0,0,0,0,0
OTU872,0,0,0,0,0,0,0,0,0,2,0,0,0,0,0,0
OTU873,0,0,0,0,0,0,0,0,2,0,0,0,0,0,0,0
OTU874,0,74,0,0,0,3,0,0,1553,712,2376,0,0,0,0,0
OTU875,0,0,0,0,3,0,0,0,0,0,0,0,0,0,0,0
OTU876,0,0,0,0,0,0,9,0,0,0,0,0,0,0,0,0
OTU877,0,0,4,0,0,0,0,0,0,0,0,0,0,0,0,0
OTU878,0,0,0,0,0,0,0,0,0,5,0,0,0,0,0,0
OTU879,0,0,0,0,0,0,0,0,0,0,0,0,13,0,0,0
OTU880,0,0,0,3,0,0,0,0,12,0,0,0,0,0,0,0
OTU881,0,0,0,0,0,0,0,0,0,0,0,0,0,0,20,0
OTU882,0,0,0,20,0,0,0,0,0,11,3,0,0,0,0,0
OTU883,0,0,0,0,0,0,0,0,0,5,0,0,0,0,0,0
OTU884,0,0,0,0,0,0,0,6,0,0,0,0,0,0,0,0
OTU885,0,0,0,0,0,0,0,0,0,13,0,0,0,0,0,0
OTU886,0,0,0,0,0,0,0,0,0,0,0,7,0,0,0,0
OTU887,0,0,4,0,0,0,0,0,28,0,0,0,0,0,0,0
OTU888,0,0,0,0,0,0,0,0,0,0,0,0,0,0,22,0
OTU889,0,0,0,17,4,21,0,0,12,0,0,0,0,0,0,0
OTU890,0,0,0,0,0,0,2,0,0,0,0,0,0,0,0,0
OTU891,0,0,0,0,0,0,0,0,0,4,0,0,0,0,0,0
OTU892,0,0,0,0,0,0,0,0,0,0,0,0,0,0,186,0
OTU893,0,0,0,0,0,0,0,0,0,0,0,0,0,0,5,0
OTU894,0,0,0,9,0,0,0,0,0,0,0,0,0,0,0,0
OTU895,0,0,0,0,0,0,0,0,0,0,0,0,0,0,6,0
OTU896,0,0,0,4,0,0,0,0,0,18,0,0,0,0,0,0
OTU897,0,0,0,2,0,0,2,3,0,0,0,0,0,0,0,0
OTU898,0,0,0,0,0,0,0,0,40,0,0,0,0,0,0,0
OTU899,0,0,0,0,0,0,0,2,0,0,0,0,0,0,0,0
OTU900,0,0,0,0,0,0,0,0,0,0,0,3,0,0,0,0
OTU901,0,0,0,0,0,0,3,0,0,0,0,0,0,0,0,0
OTU902,0,0,0,0,0,0,0,0,0,0,8,0,0,0,0,0
OTU903,0,0,0,0,0,0,0,0,0,11,0,0,0,0,0,0
OTU904,0,0,0,0,0,0,0,0,0,0,0,0,0,0,173,0
OTU905,0,0,0,7,0,0,0,0,0,0,0,0,0,0,0,0
OTU906,0,0,0,0,0,0,0,0,14,0,0,0,0,0,0,0
OTU907,0,0,0,0,0,0,0,0,0,0,0,3,0,0,0,0
OTU908,0,0,0,0,0,0,3,0,0,0,0,0,0,0,0,0
OTU909,0,0,0,0,0,0,0,0,0,0,0,0,0,0,68,0
OTU910,0,0,0,6,0,0,0,0,0,0,0,0,0,0,0,0
OTU911,0,0,0,0,0,14,0,0,23,0,0,0,0,0,0,0
OTU912,0,0,0,0,0,0,0,0,0,0,0,0,0,0,9,0
OTU913,0,0,0,0,0,0,0,0,0,0,0,0,0,0,474,0
OTU914,0,0,0,0,0,3,0,0,11,5,15,0,0,0,0,0
OTU915,0,0,0,34,0,0,0,0,0,0,0,0,4,0,0,0
OTU916,0,0,0,0,0,0,0,0,0,0,0,0,0,0,38,0
OTU917,0,0,0,0,0,0,0,0,0,0,0,0,0,0,59,0
OTU918,0,0,0,0,0,0,0,0,0,0,0,0,0,0,12,0
OTU919,0,0,0,0,0,0,0,0,9,0,0,0,0,0,17,0
OTU920,0,0,0,0,0,0,0,0,0,4,0,0,0,0,0,0
OTU921,0,0,4,0,0,71,176,155,0,0,0,0,24,6,0,0
OTU922,0,0,0,0,5,0,2,0,0,0,0,0,0,0,0,0
OTU923,0,0,0,4,0,0,0,0,0,0,0,0,0,0,0,0
OTU924,0,0,0,0,0,0,7,0,0,0,0,0,0,0,122,0
OTU925,0,0,0,0,0,0,0,0,0,0,0,0,0,0,328,0
OTU926,0,0,0,0,0,0,0,0,6,0,0,0,0,0,0,0
OTU927,0,0,0,0,0,0,2,0,0,0,0,0,0,0,0,0
OTU928,0,0,0,5,0,0,0,0,0,0,0,0,0,0,0,0
OTU929,0,0,0,0,0,0,0,0,0,3,0,0,0,0,0,0
OTU930,0,0,0,0,0,0,0,0,0,3,0,0,0,0,0,0
OTU931,0,0,0,0,5,25,0,20,0,0,0,0,5,0,0,0
OTU932,0,0,0,0,0,0,0,0,0,0,0,10,88,66,0,0
OTU933,0,0,0,0,0,0,0,0,5,0,0,0,0,0,0,0
OTU934,0,0,0,0,0,0,0,0,0,0,0,0,0,0,93,0
OTU935,0,0,0,0,0,0,0,3,0,0,0,0,0,0,0,0
OTU936,0,0,0,7,0,0,0,0,0,0,0,0,0,0,0,0
OTU937,0,0,0,0,0,0,0,0,0,0,2,0,0,0,0,0
OTU938,0,0,0,0,0,23,0,0,0,0,0,0,0,0,0,0
OTU939,0,0,15,0,0,3,0,0,8,0,0,0,0,0,0,0
OTU940,0,0,0,0,0,213,73,88,0,0,0,0,0,0,0,0
OTU941,0,0,0,0,0,0,2,0,0,0,0,0,0,0,0,0
OTU942,0,0,0,2,0,0,0,0,0,0,0,0,0,0,0,0
OTU943,0,0,0,0,0,0,4,0,0,0,0,0,0,0,0,0
OTU944,0,0,0,0,4,0,0,0,0,0,0,0,0,0,0,0
OTU945,0,20,0,0,0,0,0,0,0,0,0,0,0,0,0,0
OTU946,0,0,0,0,0,0,0,0,0,6,0,0,0,0,0,0
OTU947,0,0,0,8,0,0,12,0,0,19,0,0,0,0,54,0
OTU948,0,0,0,0,0,0,0,0,0,0,0,0,0,0,35,0
OTU949,0,0,0,10,0,0,0,0,0,0,0,0,0,0,0,0
OTU950,0,0,0,0,0,0,0,0,0,4,0,0,0,0,0,0
OTU951,0,0,0,0,0,0,11,0,0,0,0,0,0,0,0,0
OTU952,0,11,15,14,21,5,0,0,52,84,213,0,0,0,0,0
OTU953,0,0,0,4,0,0,0,0,0,0,0,0,0,0,0,0
OTU954,0,0,0,0,0,0,6,0,6,0,0,0,0,0,0,0
OTU955,0,0,0,0,0,0,0,0,0,0,0,0,0,0,20,0
OTU956,0,0,0,0,0,0,0,0,0,22,0,0,0,0,0,0
OTU957,0,0,0,0,0,0,0,0,0,5,0,0,0,0,0,0
OTU958,0,0,0,0,0,2,0,0,0,0,0,0,0,0,0,0
OTU959,0,0,0,0,0,0,0,0,0,0,4,0,8,0,13,0
OTU960,0,0,0,0,0,0,0,0,4,0,0,0,0,0,0,0
OTU961,0,0,0,9,0,0,0,0,0,0,0,0,0,0,0,0
OTU962,0,0,0,0,0,0,18,0,0,0,0,0,0,0,0,0
OTU963,0,0,0,0,0,0,0,0,0,0,0,0,0,0,139,0
OTU964,0,0,0,0,0,0,5,0,0,0,0,0,0,0,0,0
OTU965,0,0,0,2,0,0,0,0,0,0,0,0,0,0,0,0
OTU966,0,0,0,0,0,0,3,0,0,0,0,0,0,0,0,0
OTU967,0,0,0,0,0,0,0,0,0,0,3,0,0,0,0,0
OTU968,0,0,0,0,0,0,0,0,0,3,0,0,0,0,0,0
OTU969,0,0,0,0,0,0,0,0,0,0,0,0,0,0,6,0
OTU970,0,0,0,6,0,0,0,0,0,0,0,0,0,0,0,0
OTU971,0,0,0,0,0,7,0,0,0,0,0,0,0,0,0,0
OTU972,0,0,0,0,0,0,0,0,0,0,0,0,0,0,47,0
OTU973,0,0,0,6,0,0,0,0,0,0,0,0,0,0,0,0
OTU974,0,0,0,376,0,0,0,0,0,0,0,0,0,0,0,0
OTU975,0,0,0,0,0,110,9,9,34,20,55,0,2,0,0,0
OTU976,0,0,0,2,0,0,0,0,0,0,0,0,0,0,0,0
OTU977,0,0,0,0,0,0,4,0,0,0,0,0,0,0,0,0
OTU978,0,0,0,0,0,0,0,0,0,0,0,0,0,0,34,0
OTU979,0,0,0,0,0,2,0,0,0,0,0,0,0,0,0,0
OTU980,0,0,0,0,5,0,0,0,0,0,0,0,0,0,0,0
OTU981,0,0,2,0,0,0,0,0,0,0,0,0,0,0,0,0
OTU982,0,0,0,0,0,0,4,0,0,0,0,0,0,0,0,0
OTU983,0,0,0,5,0,0,0,0,0,0,0,0,0,0,0,0
OTU984,0,0,0,0,0,0,0,0,8,0,0,0,0,0,0,0
OTU985,0,0,7,0,0,3,0,0,0,0,0,0,0,0,0,0
OTU986,0,0,0,0,0,0,0,9,0,0,0,0,0,0,0,0
OTU987,0,0,0,0,0,0,0,0,0,0,3,0,0,0,0,0
OTU988,0,0,0,0,0,0,0,0,0,0,0,0,0,0,3,0
OTU989,0,0,0,0,0,0,0,4,0,0,0,0,0,0,0,0
OTU990,0,0,0,0,0,4,0,0,0,0,0,0,0,0,0,0
OTU991,0,0,0,31,18,0,0,22,0,0,0,0,0,0,0,0
OTU992,0,0,0,4,0,0,0,0,0,0,0,0,0,0,0,0
OTU993,0,0,0,0,0,0,0,0,0,0,0,0,0,0,18,0
OTU994,0,0,0,0,0,0,0,5,0,0,0,0,0,0,0,0
OTU995,0,0,0,7,0,0,0,0,0,0,0,0,0,0,0,0
OTU996,0,0,0,0,0,0,0,0,0,0,0,0,0,0,15,0
OTU997,0,0,0,4,0,0,0,0,0,0,0,0,0,0,0,0
OTU998,0,0,0,10,0,0,0,0,0,0,0,0,0,0,0,0
OTU999,0,0,0,0,0,0,0,0,0,0,0,0,0,0,6,0
OTU1000,0,0,0,2,0,0,0,0,0,0,0,0,0,0,0,0
OTU1001,0,0,0,0,0,5,0,0,0,0,0,0,0,0,0,0
OTU1002,0,0,0,0,0,0,0,0,0,2,0,0,0,0,0,0
OTU1003,0,0,0,0,0,0,0,0,0,35,0,0,0,0,0,0
OTU1004,0,0,0,0,0,0,0,0,0,0,2,0,0,0,0,0
OTU1005,0,0,0,0,0,0,0,0,0,0,0,0,0,0,2,0
OTU1006,0,0,0,0,0,0,0,0,0,0,4,0,0,0,0,0
OTU1007,0,0,0,2,0,0,0,0,0,0,0,0,0,0,0,0
OTU1008,0,0,0,6,0,0,0,0,0,0,0,0,0,0,0,0
OTU1009,0,0,0,18,0,0,0,0,0,0,0,0,0,0,0,0
OTU1010,0,0,0,0,0,0,0,0,0,0,0,0,0,0,13,0
OTU1011,0,0,0,0,0,0,2,0,0,0,0,0,0,0,0,0
OTU1012,0,0,0,2,0,0,0,0,0,0,0,0,0,0,0,0
OTU1013,0,72,0,0,0,8,0,0,14577,593,2369,84,342,263,0,0
OTU1014,0,0,0,0,0,0,0,0,0,13,0,0,0,0,0,0
OTU1015,0,0,0,0,0,0,0,0,0,0,0,0,0,0,23,0
OTU1016,0,0,17,0,0,0,0,0,0,0,0,0,0,0,0,0
OTU1017,0,0,0,0,0,0,0,0,0,43,0,0,0,0,0,0
OTU1018,0,0,0,0,0,0,0,0,0,0,0,0,0,0,32,0
OTU1019,0,0,0,2,0,0,0,0,0,0,0,0,0,0,0,0
OTU1020,0,0,0,0,0,5,0,0,0,0,0,0,0,0,0,0
OTU1021,0,0,0,0,0,0,0,0,6,0,0,0,0,0,0,0
OTU1022,0,0,0,7,0,0,0,0,0,0,0,0,0,0,0,0
OTU1023,0,0,0,6,0,0,0,0,0,0,0,0,0,0,0,0
OTU1024,0,0,0,14,0,0,0,0,0,0,0,0,0,0,0,0
OTU1025,0,0,0,0,0,5,0,0,41,0,0,0,0,0,0,0
OTU1026,0,0,0,8,0,0,0,0,0,0,0,0,0,0,0,0
OTU1027,0,0,37,0,0,0,0,0,0,0,0,0,0,0,0,0
OTU1028,0,0,0,0,0,0,3,0,0,0,0,0,0,0,0,0
OTU1029,0,0,0,2,0,0,0,0,0,0,0,0,0,0,0,0
OTU1030,0,0,0,4,0,0,0,0,0,0,0,0,0,0,0,0
OTU1031,0,0,0,0,3,0,0,0,0,0,0,0,0,0,0,0
OTU1032,0,0,0,0,0,0,5,0,0,0,0,0,0,0,0,0
OTU1033,0,0,0,6,0,0,0,0,0,0,0,0,0,0,0,0
OTU1034,0,0,8,0,0,0,0,0,0,0,0,0,0,0,0,0
OTU1035,0,0,0,0,0,0,0,0,0,0,0,0,0,0,21,0
OTU1036,0,0,0,0,0,0,0,0,0,2,0,0,0,0,0,0
OTU1037,0,0,0,0,2,0,0,0,0,0,0,0,0,0,0,0
OTU1038,0,0,0,0,0,0,0,0,0,0,0,0,0,0,22,0
OTU1039,0,0,0,0,0,0,0,0,8,0,0,0,0,0,0,0
OTU1040,0,0,0,0,0,0,0,0,0,0,0,0,0,0,28,0
OTU1041,0,0,0,0,0,0,0,0,0,0,0,0,0,0,10,0
OTU1042,0,0,0,0,0,0,0,0,0,0,0,0,0,0,101,0
OTU1043,0,3,0,0,0,0,0,0,64,40,75,0,0,0,0,0
OTU1044,0,0,0,7,0,0,0,0,0,0,0,0,0,0,0,0
OTU1045,0,0,0,14,0,0,0,0,0,0,0,0,0,0,0,0
OTU1046,0,0,0,0,0,0,0,0,0,0,0,0,0,0,19,0
OTU1047,0,0,0,0,0,0,0,0,3,0,0,0,0,0,0,0
OTU1048,0,0,0,0,0,0,0,0,0,0,5,0,0,0,0,0
OTU1049,0,0,0,0,0,0,0,0,0,0,0,0,0,0,32,0
OTU1050,0,0,0,0,0,0,0,0,0,0,0,0,0,0,6,0
OTU1051,0,0,0,0,0,0,0,5,0,0,0,4,0,0,0,0
OTU1052,0,0,0,0,0,0,0,0,10,0,36,0,6,3,0,0
OTU1053,0,0,0,0,0,0,0,0,65,0,0,0,0,0,0,0
OTU1054,0,0,5,0,0,0,0,0,0,0,0,0,0,0,0,0
OTU1055,0,0,17,0,0,0,0,0,0,0,0,0,0,0,0,0
OTU1056,0,0,0,0,5,0,0,0,0,0,0,0,0,0,0,0
OTU1057,0,0,0,0,0,0,0,0,0,0,0,6,0,0,0,0
OTU1058,0,0,0,0,0,0,4,0,0,0,0,0,0,0,0,0
OTU1059,0,0,7,0,0,0,0,0,0,0,0,0,0,0,0,0
OTU1060,0,0,0,0,0,0,0,0,0,0,2,0,0,0,0,0
OTU1061,0,0,0,0,0,0,0,5,0,0,0,0,0,0,0,0
OTU1062,0,0,0,0,0,0,0,0,0,0,5,0,0,0,0,0
OTU1063,0,0,0,0,0,0,8,0,0,0,0,0,0,0,0,0
OTU1064,0,0,0,0,0,0,2,0,0,0,0,0,0,0,0,0
OTU1065,0,0,18,0,0,0,0,0,0,0,0,0,0,0,0,0
OTU1066,0,0,0,0,0,0,7,0,0,0,0,0,0,0,0,0
OTU1067,0,0,0,0,0,0,0,0,0,0,0,0,0,3,0,0
OTU1068,0,0,0,0,0,0,0,0,0,3,0,0,0,0,0,0
OTU1069,0,0,0,0,0,0,0,3,0,0,0,0,0,0,0,0
OTU1070,0,0,6,0,0,0,0,0,0,0,0,0,0,0,0,0
OTU1071,0,0,0,0,0,8,0,0,0,0,0,0,0,0,0,0
OTU1072,0,0,0,0,0,0,0,0,0,0,10,0,0,0,0,0
OTU1073,0,0,0,0,0,0,0,0,0,6,0,0,0,0,0,0
OTU1074,0,0,26,0,0,0,0,0,0,0,0,0,0,0,0,0
OTU1075,0,0,0,0,0,0,7,0,0,0,0,0,0,0,0,0
OTU1076,0,0,0,0,0,0,0,9,0,0,0,0,0,0,0,0
OTU1077,0,0,0,0,0,0,0,0,0,5,0,0,0,0,0,0
OTU1078,0,0,0,0,0,0,0,0,0,5,0,0,0,0,0,0
OTU1079,0,0,0,0,0,0,0,0,14,0,0,0,0,0,0,0
OTU1080,0,0,18,0,0,0,0,0,0,0,0,0,0,0,0,0
OTU1081,0,0,0,0,0,0,0,0,0,0,2,0,0,0,0,0
OTU1082,0,0,0,0,0,0,0,0,0,2,0,0,0,0,0,0
OTU1083,0,0,0,0,0,0,0,0,0,0,6,0,0,0,0,0
OTU1084,0,0,0,0,0,0,0,8,0,0,0,0,0,0,0,0
OTU1085,0,0,0,0,2,0,0,0,0,0,0,0,0,0,0,0
OTU1086,0,0,5,0,0,0,0,0,0,0,0,0,0,0,0,0
OTU1087,0,0,0,0,0,5,0,0,0,0,0,0,0,0,0,0
OTU1088,0,0,0,0,0,0,0,0,0,7,0,0,0,0,0,0
OTU1089,0,0,0,0,0,0,0,0,0,0,0,0,0,3,0,0
OTU1090,0,0,0,0,0,0,3,0,0,0,0,0,0,0,0,0
OTU1091,0,0,0,0,0,0,0,0,6,0,0,0,0,0,0,0
OTU1092,0,0,0,0,0,0,0,0,0,0,15,0,0,0,0,0
OTU1093,0,0,0,0,0,0,0,0,0,0,0,5,0,0,0,0
OTU1094,0,0,0,0,0,0,5,0,0,0,0,0,0,0,0,0
OTU1095,0,0,0,0,0,0,0,0,0,7,0,0,0,0,0,0
OTU1096,0,0,9,0,0,0,0,0,0,0,0,0,0,0,0,0
OTU1097,0,0,0,0,0,0,0,2,0,0,0,0,0,0,0,0
OTU1098,0,0,13,0,0,0,0,0,0,0,0,0,0,0,0,0
OTU1099,0,0,0,0,9,0,0,0,0,0,0,0,0,0,0,0
OTU1100,0,0,0,0,0,0,0,0,0,5,0,0,0,0,0,0
OTU1101,0,0,0,0,0,0,0,0,0,0,10,0,0,0,0,0
OTU1102,0,0,0,3,0,0,0,0,0,0,0,0,0,0,0,0
OTU1103,0,0,0,0,0,0,7,0,0,0,0,0,0,0,0,0
OTU1104,0,0,0,0,0,0,0,5,0,0,0,0,0,0,0,0
OTU1105,0,0,0,0,0,0,0,0,29,0,0,0,0,0,0,0
OTU1106,0,0,0,0,0,0,0,0,9,0,0,0,0,0,0,0
OTU1107,0,0,0,0,9,0,0,0,0,0,0,0,0,0,0,0
OTU1108,0,0,0,0,0,0,0,4,0,0,0,0,0,0,0,0
OTU1109,0,0,0,0,0,0,5,0,0,0,0,0,0,0,0,0
OTU1110,0,0,0,0,0,0,0,0,0,0,0,2,0,0,0,0
OTU1111,0,0,0,0,0,0,0,0,0,0,0,8,0,0,0,0
OTU1112,0,0,0,0,0,0,0,0,0,0,0,5,0,0,0,0
OTU1113,0,0,6,0,0,0,0,0,0,0,0,0,0,0,0,0
OTU1114,0,0,0,0,0,0,0,0,14,0,0,0,0,0,0,0
OTU1115,0,0,0,0,0,0,0,0,51,0,0,0,0,0,0,0
OTU1116,0,0,0,0,0,0,0,0,0,0,0,0,0,0,3,0
OTU1117,0,0,0,0,0,0,0,0,0,0,0,8,0,0,0,0
OTU1118,0,0,0,0,0,0,0,0,0,4,0,0,0,0,0,0
OTU1119,0,0,4,0,0,0,0,0,0,0,0,0,0,0,0,0
OTU1120,0,0,0,0,0,0,0,0,3,0,0,0,0,0,0,0
OTU1121,0,0,14,0,0,0,0,0,0,0,0,0,0,0,0,0
OTU1122,0,0,0,0,0,0,0,0,23,0,0,0,0,0,0,0
OTU1123,0,0,0,0,2,0,0,0,0,0,0,0,0,0,0,0
OTU1124,0,0,0,0,0,0,0,0,0,6,0,0,0,0,0,0
OTU1125,0,0,0,0,0,0,0,0,0,0,6,0,0,0,0,0
OTU1126,0,0,0,13,0,0,0,0,0,0,0,0,0,0,0,0
OTU1127,0,0,0,0,0,0,0,0,0,5,0,0,0,0,0,0
OTU1128,0,0,0,0,0,0,0,0,0,7,0,0,0,0,0,0
OTU1129,0,0,0,0,0,0,0,2,0,0,0,0,0,0,0,0
OTU1130,0,0,0,0,11,0,0,0,0,0,0,0,0,0,0,0
OTU1131,0,0,0,0,0,0,2,0,0,0,0,0,0,0,0,0
OTU1132,0,0,0,0,0,0,0,5,0,0,0,0,0,0,0,0
OTU1133,0,0,0,0,0,0,4,0,0,0,0,0,0,0,0,0
OTU1134,0,0,26,0,0,0,0,0,0,0,0,0,0,0,0,0
OTU1135,0,0,9,0,0,0,0,0,0,0,0,0,0,0,0,0
OTU1136,0,0,0,0,0,0,0,0,0,0,0,0,25,0,0,0
OTU1137,0,0,0,0,0,0,5,0,0,0,0,0,0,0,0,0
OTU1138,0,0,0,0,0,0,0,0,0,0,11,0,0,0,0,0
OTU1139,0,0,10,0,0,0,0,0,0,0,0,0,0,0,0,0
OTU1140,0,0,22,0,0,0,0,0,0,0,0,0,0,0,0,0
OTU1141,0,0,0,0,0,0,5,0,0,0,0,0,0,0,0,0
OTU1142,0,0,28,0,0,0,0,0,0,0,0,0,0,0,0,0
OTU1143,0,0,0,0,0,0,3,0,0,0,0,0,0,0,0,0
OTU1144,0,0,0,0,0,0,0,6,0,0,0,0,0,0,0,0
OTU1145,0,0,0,3,0,0,0,0,0,0,0,0,0,0,0,0
OTU1146,0,0,0,0,0,0,0,0,0,0,0,0,4,0,0,0
OTU1147,0,0,0,0,0,0,4,0,0,0,0,0,0,0,0,0
OTU1148,0,0,5,0,0,0,0,0,0,0,0,0,0,0,0,0
OTU1149,0,0,8,0,0,0,0,0,0,0,0,0,0,0,0,0
OTU1150,0,0,0,0,0,0,0,0,0,4,0,0,0,0,0,0
OTU1151,0,0,0,0,0,0,0,0,6,0,0,0,0,0,0,0
OTU1152,0,0,0,0,0,0,0,0,0,0,0,3,0,0,0,0
OTU1153,0,0,43,0,0,0,0,0,0,0,0,0,0,0,0,0
OTU1154,0,0,0,0,0,0,0,0,0,0,4,0,0,0,0,0
OTU1155,0,0,0,0,0,0,0,0,9,0,0,0,0,0,0,0
OTU1156,0,0,0,0,2,0,0,0,0,0,0,0,0,0,0,0
OTU1157,0,0,0,0,0,0,0,0,5,0,0,0,0,0,0,0
OTU1158,0,0,0,0,0,0,0,0,0,0,0,0,2,0,0,0
OTU1159,0,0,0,0,0,0,3,0,0,0,0,0,0,0,0,0
OTU1160,0,0,0,0,0,0,0,0,19,0,0,0,0,0,0,0
OTU1161,0,0,0,0,0,0,0,0,0,0,0,0,27,0,0,0
OTU1162,0,0,0,0,0,0,6,0,0,0,0,0,0,0,0,0
OTU1163,0,0,0,0,0,10,0,0,0,0,0,0,0,0,0,0
OTU1164,0,0,0,0,0,0,0,6,0,0,0,0,0,0,0,0
OTU1165,0,0,23,0,0,0,0,0,0,0,0,0,0,0,0,0
OTU1166,0,0,0,0,0,0,3,0,0,0,0,0,0,0,0,0
OTU1167,0,0,0,0,0,0,0,0,0,0,0,0,0,3,0,0
OTU1168,0,0,0,0,0,0,0,3,0,0,0,0,0,0,0,0
OTU1169,0,0,0,0,0,0,0,4,0,0,0,0,0,0,0,0
OTU1170,0,0,0,0,0,0,0,0,0,0,11,0,0,0,0,0
OTU1171,0,0,0,0,0,0,0,5,0,0,0,0,0,0,0,0
OTU1172,0,0,0,0,0,7,0,0,0,0,0,0,0,0,0,0
OTU1173,0,0,0,0,0,0,0,0,0,13,7,0,0,0,0,0
OTU1174,0,0,48,0,0,0,0,0,0,0,0,0,0,0,0,0
OTU1175,0,0,0,0,0,0,0,0,0,0,5,0,0,0,0,0
OTU1176,0,0,0,0,0,20,0,0,0,0,0,0,0,0,0,0
OTU1177,0,0,0,0,0,0,7,0,0,0,0,0,0,0,0,0
OTU1178,0,0,0,0,12,0,0,0,0,0,0,0,0,0,0,0
OTU1179,0,0,0,0,0,0,0,0,0,4,0,0,0,0,0,0
OTU1180,0,0,0,9,0,0,0,0,0,0,0,0,0,0,0,0
OTU1181,0,0,0,0,0,0,2,0,0,0,0,0,0,0,0,0
OTU1182,0,0,0,0,0,15,0,0,0,0,0,0,0,0,0,0
OTU1183,0,0,0,0,0,0,0,3,0,0,0,0,0,0,0,0
OTU1184,0,0,0,7,0,0,0,0,0,0,0,0,0,0,0,0
OTU1185,0,0,0,0,0,0,0,0,0,6,0,0,0,0,0,0
OTU1186,0,0,0,0,0,0,0,0,7,0,0,0,0,0,0,0
OTU1187,0,0,0,0,0,0,0,4,0,0,0,0,0,0,0,0
OTU1188,0,0,9,0,0,0,0,0,0,0,0,0,0,0,0,0
OTU1189,0,0,0,0,0,0,0,0,6,0,0,0,0,0,0,0
OTU1190,0,0,7,0,0,0,0,0,0,0,0,0,0,0,0,0
OTU1191,0,0,17,0,0,0,0,0,0,0,0,0,0,0,0,0
OTU1192,0,0,0,0,0,0,0,5,0,0,0,0,0,0,0,0
OTU1193,0,0,0,17,0,0,0,0,0,0,0,0,0,0,0,0
OTU1194,0,0,0,0,6,0,0,0,0,0,0,0,0,0,0,0
OTU1195,0,0,7,0,0,0,0,0,0,0,0,0,0,0,0,0
OTU1196,0,0,0,0,0,0,4,0,0,0,0,0,0,0,0,0
OTU1197,0,0,11,0,0,0,0,0,0,0,0,0,0,0,0,0
OTU1198,0,0,0,0,0,0,0,0,0,10,0,0,0,0,0,0
OTU1199,0,0,11,0,0,0,0,0,0,0,0,0,0,0,0,0
OTU1200,0,0,0,0,0,0,0,0,0,0,4,0,0,0,0,0
OTU1201,0,0,0,0,0,0,0,13,0,0,0,0,0,0,0,0
OTU1202,0,0,0,0,0,0,0,0,0,3,0,0,0,0,0,0
OTU1203,0,0,0,3,0,0,0,0,0,0,0,0,0,0,0,0
OTU1204,0,0,0,0,0,0,3,0,0,0,0,0,0,0,0,0
OTU1205,0,0,0,0,0,0,0,12,0,0,0,0,0,0,0,0
OTU1206,0,0,0,0,0,0,0,0,0,0,5,0,0,0,0,0
OTU1207,0,0,0,0,0,0,0,4,0,0,0,0,0,0,0,0
OTU1208,0,0,0,0,0,0,9,0,0,0,0,0,0,0,0,0
OTU1209,0,0,0,0,0,0,0,0,0,0,0,4,0,0,0,0
OTU1210,0,0,7,0,0,0,0,0,0,0,0,0,0,0,0,0
OTU1211,0,0,0,0,0,0,0,3,0,0,0,0,0,0,0,0
OTU1212,0,0,14,0,0,0,0,0,0,0,0,0,0,0,0,0
OTU1213,0,0,0,0,0,0,0,0,0,7,0,0,0,0,0,0
OTU1214,0,0,11,0,0,0,0,0,0,0,0,0,0,0,0,0
OTU1215,0,0,0,0,0,0,0,7,0,0,0,0,0,0,0,0
OTU1216,0,0,14,0,0,0,0,0,0,0,0,0,0,0,0,0
OTU1217,0,0,0,0,0,0,4,0,0,0,0,0,0,0,0,0
OTU1218,0,0,0,0,0,0,0,6,0,0,0,0,0,0,0,0
OTU1219,0,0,0,0,0,0,0,0,0,7,0,0,0,0,0,0
OTU1220,0,0,32,0,0,0,0,0,0,0,0,0,0,0,0,0
OTU1221,0,0,0,0,0,0,7,0,0,0,0,0,0,0,0,0
OTU1222,0,0,0,0,0,0,0,0,17,0,0,0,0,0,0,0
OTU1223,0,0,0,0,0,9,0,0,0,0,0,0,0,0,0,0
OTU1224,0,0,14,0,0,0,0,0,0,0,0,0,0,0,0,0
OTU1225,0,0,0,0,0,0,6,0,0,0,0,0,0,0,0,0
OTU1226,0,0,0,0,0,0,7,0,0,0,0,0,0,0,0,0
OTU1227,0,0,0,0,5,0,0,0,0,0,0,0,0,0,0,0
OTU1228,0,0,0,0,0,10,0,0,0,0,0,0,0,0,0,0
OTU1229,0,0,0,0,0,0,0,4,0,0,0,0,0,0,0,0
OTU1230,0,0,0,0,0,0,0,0,0,0,13,0,0,0,0,0
OTU1231,0,0,0,0,0,0,0,5,0,0,0,0,0,0,0,0
OTU1232,0,0,0,0,8,0,0,0,0,0,0,0,0,0,0,0
OTU1233,0,0,0,0,0,0,0,0,0,2,0,0,0,0,0,0
OTU1234,0,0,0,0,0,0,0,7,0,0,0,0,0,0,0,0
OTU1235,0,0,0,0,0,0,0,0,4,0,0,0,0,0,0,0
OTU1236,0,0,0,0,0,4,0,0,0,0,0,0,0,0,0,0
OTU1237,0,0,0,0,0,0,8,0,0,0,0,0,0,0,0,0
OTU1238,0,0,0,0,0,0,0,0,0,2,7,0,0,0,0,0
OTU1239,0,0,0,0,0,0,6,0,0,0,0,0,0,0,0,0
OTU1240,0,0,0,0,0,0,8,0,0,0,0,0,0,0,0,0
OTU1241,0,0,0,0,0,0,10,0,0,0,0,0,0,0,0,0
OTU1242,0,0,0,0,0,10,0,0,0,0,0,0,0,0,0,0
OTU1243,0,0,55,0,0,0,0,0,0,0,0,0,0,0,0,0
OTU1244,0,0,0,0,0,0,5,0,0,0,0,0,0,0,0,0
OTU1245,0,0,0,0,0,0,0,12,0,0,0,0,0,0,0,0
OTU1246,0,0,4,0,0,0,0,0,0,0,0,0,0,0,0,0
OTU1247,0,0,0,0,0,0,7,0,0,0,0,0,0,0,0,0
OTU1248,0,0,0,0,0,0,0,0,0,0,5,0,0,0,0,0
OTU1249,0,0,0,0,0,0,0,0,0,0,24,0,0,0,0,0
OTU1250,0,0,6,0,0,0,0,0,0,0,0,0,0,0,0,0
OTU1251,0,0,0,0,0,0,0,0,0,0,0,13,0,0,0,0
OTU1252,0,0,0,0,0,0,0,6,0,0,0,0,0,0,0,0
OTU1253,0,0,0,7,0,0,0,0,0,0,0,0,0,0,0,0
OTU1254,0,0,0,0,0,0,0,0,0,5,0,0,0,0,0,0
OTU1255,0,0,0,0,0,0,0,7,0,0,0,0,0,0,0,0
OTU1256,0,0,0,0,0,0,0,2,0,0,0,0,0,0,0,0
OTU1257,0,0,0,0,0,3,0,0,0,0,0,0,0,0,0,0
OTU1258,0,0,0,0,0,0,8,0,0,0,0,0,0,0,0,0
OTU1259,0,0,9,0,0,0,0,0,0,0,0,0,0,0,0,0
OTU1260,0,0,0,0,0,0,6,0,0,0,0,0,0,0,0,0
OTU1261,0,0,6,0,0,0,0,0,0,0,0,0,0,0,0,0
OTU1262,0,0,0,0,4,0,0,0,0,0,0,0,0,0,0,0
OTU1263,0,0,0,0,0,0,0,0,23,0,0,0,0,0,0,0
OTU1264,0,0,0,0,0,0,4,0,0,0,0,0,0,0,0,0
OTU1265,0,0,0,0,0,0,0,0,0,0,0,0,0,5,0,0
OTU1266,0,0,0,2,0,0,0,0,0,0,0,0,0,0,0,0
OTU1267,0,0,0,0,0,0,11,0,0,0,0,0,0,0,0,0
OTU1268,0,0,0,0,0,0,0,0,0,0,0,0,0,0,7,0
OTU1269,0,0,0,0,0,0,0,0,7,0,0,0,0,0,0,0
OTU1270,0,0,0,0,0,0,7,0,0,0,0,0,0,0,0,0
OTU1271,0,0,7,0,0,0,0,0,0,0,0,0,0,0,0,0
OTU1272,0,0,0,0,0,0,0,2,0,0,0,0,0,0,0,0
OTU1273,0,0,0,0,0,0,0,4,0,0,0,0,0,0,0,0
OTU1274,0,0,0,0,0,0,3,0,0,0,0,0,0,0,0,0
OTU1275,0,0,0,0,0,0,0,0,18,0,0,0,0,0,0,0
OTU1276,0,0,0,0,0,0,4,0,0,0,0,0,0,0,0,0
OTU1277,0,0,0,0,0,0,0,0,0,8,0,0,0,0,0,0
OTU1278,0,0,0,0,0,0,0,6,0,0,0,0,0,0,0,0
OTU1279,0,0,0,0,0,0,0,0,0,0,0,0,9,0,0,0
OTU1280,0,0,0,0,0,0,0,0,0,0,0,6,0,0,0,0
OTU1281,0,0,0,0,0,0,10,0,0,0,0,0,0,0,0,0
OTU1282,0,0,0,0,0,0,5,0,0,0,0,0,0,0,0,0
OTU1283,0,0,0,0,0,0,0,0,0,0,0,8,0,0,0,0
OTU1284,0,0,0,0,0,0,0,0,0,0,0,7,0,0,0,0
OTU1285,0,0,23,0,0,0,0,0,0,0,0,0,0,0,0,0
OTU1286,0,0,0,0,0,0,0,0,3,0,0,0,0,0,0,0
OTU1287,0,0,0,0,0,0,0,0,0,0,0,0,7,0,0,0
OTU1288,0,0,0,0,0,0,5,0,0,0,0,0,0,0,0,0
OTU1289,0,0,7,0,0,0,0,0,0,0,0,0,0,0,0,0
OTU1290,0,0,0,0,0,0,0,2,0,0,0,0,0,0,0,0
OTU1291,0,0,15,0,0,0,0,0,0,0,0,0,0,0,0,0
OTU1292,0,0,0,0,0,0,0,0,0,0,0,3,0,0,0,0
OTU1293,0,0,6,0,0,0,0,0,0,0,0,0,0,0,0,0
OTU1294,0,0,0,0,0,0,0,0,0,3,0,0,0,0,0,0
OTU1295,0,0,38,0,0,0,0,0,0,0,0,0,0,0,0,0
OTU1296,0,0,0,0,0,0,0,2,0,0,0,0,0,0,0,0
OTU1297,0,0,0,0,0,0,13,0,0,0,0,0,0,0,0,0
OTU1298,0,0,0,0,0,0,0,0,0,0,3,0,0,0,0,0
OTU1299,0,0,0,0,0,11,0,0,0,0,0,0,0,0,0,0
OTU1300,0,0,4,0,0,0,0,0,0,0,0,0,0,0,0,0
OTU1301,0,0,0,0,0,0,0,0,0,0,0,0,0,5,0,0
OTU1302,0,0,0,0,0,0,5,0,0,0,0,0,0,0,0,0
OTU1303,0,0,0,0,0,0,0,6,0,0,0,0,0,0,0,0
OTU1304,0,0,0,0,0,0,0,2,0,0,0,0,0,0,0,0
OTU1305,0,0,0,0,0,0,3,0,0,0,0,0,0,0,0,0
OTU1306,0,0,0,0,0,0,2,0,0,0,0,0,0,0,0,0
OTU1307,0,0,0,0,0,0,10,0,0,0,0,0,0,0,0,0
OTU1308,0,0,0,0,0,0,0,0,0,6,0,0,0,0,0,0
OTU1309,0,0,0,0,0,12,0,0,0,0,0,0,0,0,0,0
OTU1310,0,0,0,0,0,0,0,0,48,0,0,0,0,0,0,0
OTU1311,0,0,0,0,5,0,0,0,0,0,0,0,0,0,0,0
OTU1312,0,0,0,0,0,0,0,0,0,0,6,0,0,0,0,0
OTU1313,0,0,7,0,0,0,0,0,0,0,0,0,0,0,0,0
OTU1314,0,0,0,0,0,0,0,20,0,0,0,0,0,0,0,0
OTU1315,0,0,0,0,0,0,0,2,0,0,0,0,0,0,0,0
OTU1316,0,0,6,0,0,0,0,0,0,0,0,0,0,0,0,0
OTU1317,0,0,14,0,0,0,0,0,0,0,0,0,0,0,0,0
OTU1318,0,0,0,0,0,0,0,0,0,0,17,0,0,0,0,0
OTU1319,0,0,0,0,0,0,0,0,0,0,0,0,0,0,3,0
OTU1320,0,0,0,0,0,0,8,0,0,0,0,0,0,0,0,0
OTU1321,0,0,0,0,2,0,0,0,0,0,0,0,0,0,0,0
OTU1322,0,0,0,0,0,0,0,0,5,0,0,0,0,0,0,0
OTU1323,0,0,13,0,0,0,0,0,0,0,0,0,0,0,0,0
OTU1324,0,0,0,3,0,0,0,0,0,0,0,0,0,0,0,0
OTU1325,0,0,0,0,0,0,0,3,0,0,0,0,0,0,0,0
OTU1326,0,0,0,0,0,0,5,0,0,0,0,0,0,0,0,0
OTU1327,0,0,0,0,0,0,0,0,0,6,0,0,0,0,0,0
OTU1328,0,0,0,0,0,0,0,7,0,0,0,0,0,0,0,0
OTU1329,0,0,0,0,0,0,0,2,0,0,0,0,0,0,0,0
OTU1330,0,0,0,0,0,0,0,0,0,0,0,0,6,0,0,0
OTU1331,0,0,0,0,0,0,0,0,0,2,0,0,0,0,0,0
OTU1332,0,0,0,0,0,0,0,3,0,0,0,0,0,0,0,0
OTU1333,0,0,0,0,0,0,0,0,18,0,0,0,0,0,0,0
OTU1334,0,0,0,0,0,0,0,2,0,0,0,0,0,0,0,0
OTU1335,0,0,0,0,0,0,9,0,0,0,0,0,0,0,0,0
OTU1336,0,0,0,0,0,0,8,0,0,0,0,0,0,0,0,0
OTU1337,0,0,0,0,0,0,0,3,0,0,0,0,0,0,0,0
OTU1338,0,0,0,0,0,0,0,0,0,0,0,8,0,0,0,0
OTU1339,0,0,11,0,0,0,0,0,0,0,0,0,0,0,0,0
OTU1340,0,0,0,0,0,0,0,19,0,0,0,0,0,0,0,0
OTU1341,0,0,0,0,5,0,0,0,0,0,0,0,0,0,0,0
OTU1342,0,0,5,0,0,0,0,0,0,0,0,0,0,0,0,0
OTU1343,0,0,0,0,0,0,0,3,0,0,0,0,0,0,0,0
OTU1344,0,0,0,0,0,0,0,0,0,0,33,0,0,0,0,0
OTU1345,0,0,0,0,0,0,0,5,0,0,0,0,0,0,0,0
OTU1346,0,0,0,0,0,0,0,0,17,0,0,0,0,0,0,0
OTU1347,0,0,0,0,0,0,0,0,0,21,0,0,0,0,0,0
OTU1348,0,0,0,0,0,0,0,3,0,0,0,0,0,0,0,0
OTU1349,0,0,0,0,0,0,0,0,0,9,0,0,0,0,0,0
OTU1350,0,0,0,2,0,0,0,0,0,0,0,0,0,0,0,0
OTU1351,0,0,0,0,0,0,0,7,0,0,0,0,0,0,0,0
OTU1352,0,0,0,0,0,0,0,0,0,0,0,8,0,0,0,0
OTU1353,0,0,8,0,0,0,0,0,0,0,0,0,0,0,0,0
OTU1354,0,0,0,0,0,0,0,0,5,0,0,0,0,0,0,0
OTU1355,0,0,0,0,0,0,0,5,0,0,0,0,0,0,0,0
OTU1356,0,0,7,0,0,0,0,0,0,0,0,0,0,0,0,0
OTU1357,0,0,0,0,0,0,6,0,0,0,0,0,0,0,0,0
OTU1358,0,0,0,0,0,0,0,7,0,0,0,0,0,0,0,0
OTU1359,0,0,0,0,0,0,4,0,0,0,0,0,0,0,0,0
OTU1360,0,0,0,0,0,0,5,0,0,0,0,0,0,0,0,0
OTU1361,0,0,0,0,0,0,0,0,10,0,0,0,0,0,0,0
OTU1362,0,0,24,0,0,0,0,0,0,0,0,0,0,0,0,0
OTU1363,0,0,0,0,0,0,3,0,0,0,0,0,0,0,0,0
OTU1364,0,0,0,0,0,0,15,0,0,0,0,0,0,0,0,0
OTU1365,0,0,0,0,0,4,0,0,0,0,0,0,0,0,0,0
OTU1366,0,0,0,0,0,0,0,0,13,0,0,0,0,0,0,0
OTU1367,0,0,0,0,0,0,0,0,0,11,8,0,0,0,0,0
OTU1368,0,0,0,0,0,0,0,0,0,7,0,0,0,0,0,0
OTU1369,0,0,21,0,0,0,0,0,0,0,0,0,0,0,0,0
OTU1370,0,0,0,0,0,0,0,0,0,13,0,0,0,0,0,0
OTU1371,0,0,5,0,0,0,0,0,0,0,0,0,0,0,0,0
OTU1372,0,0,0,0,0,0,0,8,0,0,0,0,0,0,0,0
OTU1373,0,0,29,0,0,0,0,0,0,0,0,0,0,0,0,0
OTU1374,0,0,53,0,0,0,0,0,0,0,0,0,0,0,0,0
OTU1375,0,0,0,0,0,0,0,0,2,0,0,0,0,0,0,0
OTU1376,0,0,0,7,0,0,0,0,0,0,0,0,0,0,0,0
OTU1377,0,0,0,0,0,0,0,0,0,0,5,0,0,0,0,0
OTU1378,0,0,0,0,0,5,0,0,0,0,0,0,0,0,0,0
OTU1379,0,0,0,0,0,0,0,0,2,0,0,0,0,0,0,0
OTU1380,0,0,0,0,0,0,0,0,0,5,0,0,0,0,0,0
OTU1381,0,0,0,0,0,0,0,0,0,0,0,9,0,0,0,0
OTU1382,0,0,0,7,0,0,0,0,0,0,0,0,0,0,0,0
OTU1383,0,0,0,0,0,16,0,0,0,0,0,0,0,0,0,0
OTU1384,0,0,0,0,0,0,2,0,0,0,0,0,0,0,0,0
OTU1385,0,0,0,0,0,0,0,0,0,5,0,0,0,0,0,0
OTU1386,0,0,7,0,0,0,0,0,0,0,0,0,0,0,0,0
OTU1387,0,0,0,3,0,0,0,0,0,0,0,0,0,0,0,0
OTU1388,0,0,0,0,0,0,0,0,0,7,0,0,0,0,0,0
OTU1389,0,0,2,0,0,0,0,0,0,0,0,0,0,0,0,0
OTU1390,0,0,0,0,0,0,3,0,0,0,0,0,0,0,0,0
OTU1391,0,0,10,0,0,0,0,0,0,0,0,0,0,0,0,0
OTU1392,0,0,0,0,0,0,0,0,0,0,6,0,0,0,0,0
OTU1393,0,0,10,0,0,0,0,0,0,0,0,0,0,0,0,0
OTU1394,0,0,0,0,0,0,0,0,0,9,0,0,0,0,0,0
OTU1395,0,0,0,0,0,0,0,0,22,0,0,0,0,0,0,0
OTU1396,0,0,0,0,0,0,0,0,7,0,0,0,0,0,0,0
OTU1397,0,0,0,0,0,0,0,0,0,0,8,0,0,0,0,0
OTU1398,0,0,0,0,0,0,0,0,0,7,0,0,0,0,0,0
OTU1399,0,0,0,0,0,0,0,0,26,0,0,0,0,0,0,0
OTU1400,0,0,0,0,0,0,0,0,0,0,3,0,0,0,0,0
OTU1401,0,0,0,0,0,0,0,0,0,8,0,0,0,0,0,0
OTU1402,0,0,0,0,0,0,0,0,0,0,10,0,0,0,0,0
OTU1403,0,0,0,10,0,0,0,0,0,0,0,0,0,0,0,0
OTU1404,0,0,0,0,0,0,0,0,0,2,0,0,0,0,0,0
OTU1405,0,0,0,0,0,0,2,0,0,0,0,0,0,0,0,0
OTU1406,0,0,0,0,0,0,5,0,0,0,0,0,0,0,0,0
OTU1407,0,0,0,0,0,0,0,0,0,0,0,0,0,11,0,0
OTU1408,0,0,0,0,0,0,0,2,0,0,0,0,0,0,0,0
OTU1409,0,0,0,0,0,0,0,0,0,0,9,0,0,0,0,0
OTU1410,0,0,0,0,0,0,0,0,0,4,0,0,0,0,0,0
OTU1411,0,0,0,0,0,0,3,0,0,0,0,0,0,0,0,0
OTU1412,0,0,0,0,0,0,0,0,0,0,0,4,0,0,0,0
OTU1413,0,0,0,0,3,0,0,0,0,0,0,0,0,0,0,0
OTU1414,0,0,0,0,0,0,4,0,0,0,0,0,0,0,0,0
OTU1415,0,0,0,0,0,0,0,0,0,0,0,2,0,0,0,0
OTU1416,0,0,0,0,0,0,0,0,0,9,0,0,0,0,0,0
OTU1417,0,0,0,0,0,0,0,5,0,0,0,0,0,0,0,0
OTU1418,0,0,0,0,0,0,0,7,0,0,0,0,0,0,0,0
OTU1419,0,0,0,0,0,0,0,0,0,0,0,0,0,2,0,0
OTU1420,0,0,0,0,0,0,4,0,0,0,0,0,0,0,0,0
OTU1421,0,0,0,0,0,0,0,0,0,15,0,0,0,0,0,0
OTU1422,0,0,0,0,0,0,3,0,0,0,0,0,0,0,0,0
OTU1423,0,0,7,0,0,0,0,0,0,0,0,0,0,0,0,0
OTU1424,0,0,0,0,0,0,0,4,0,0,0,0,0,0,0,0
OTU1425,0,0,0,0,0,0,0,0,0,9,0,0,0,0,0,0
OTU1426,0,0,5,0,0,0,0,0,0,0,0,0,0,0,0,0
OTU1427,0,0,0,0,0,0,3,0,0,0,0,0,0,0,0,0
OTU1428,0,0,0,0,0,0,10,0,0,0,0,0,0,0,0,0
OTU1429,0,0,0,0,0,0,0,0,0,0,14,0,0,0,0,0
OTU1430,0,0,0,0,0,0,4,0,0,0,0,0,0,0,0,0
OTU1431,0,0,0,0,0,0,0,0,0,8,0,0,0,0,0,0
OTU1432,0,0,12,0,0,0,0,0,0,0,0,0,0,0,0,0
OTU1433,0,0,28,0,0,0,0,0,0,0,0,0,0,0,0,0
OTU1434,0,0,10,0,0,0,0,0,0,0,0,0,0,0,0,0
OTU1435,0,0,0,0,0,0,0,0,0,7,15,0,0,0,0,0
OTU1436,0,0,0,0,0,0,0,3,0,0,0,0,0,0,0,0
OTU1437,0,0,44,0,0,0,0,0,0,0,0,0,0,0,0,0
OTU1438,0,0,0,0,0,0,0,0,0,0,7,0,0,0,0,0
OTU1439,0,0,0,0,0,0,0,0,20,0,0,0,0,0,0,0
OTU1440,0,0,0,0,0,0,0,0,0,0,5,0,0,0,0,0
OTU1441,0,0,0,8,0,0,0,0,0,0,0,0,0,0,0,0
OTU1442,0,0,0,0,0,0,0,4,0,0,0,0,0,0,0,0
OTU1443,0,0,0,0,0,0,0,2,0,0,0,0,0,0,0,0
OTU1444,0,0,7,0,0,0,0,0,0,0,0,0,0,0,0,0
OTU1445,0,0,0,6,0,0,0,0,0,0,0,0,0,0,0,0
OTU1446,0,0,8,0,0,0,0,0,0,0,0,0,0,0,0,0
OTU1447,0,0,0,0,0,0,0,0,0,0,2,0,0,0,0,0
OTU1448,0,0,0,0,0,0,0,0,0,0,0,0,0,5,0,0
OTU1449,0,0,0,0,0,0,3,0,0,0,0,0,0,0,0,0
OTU1450,0,0,0,0,0,0,0,0,0,0,0,0,4,0,0,0
OTU1451,0,0,0,0,0,0,0,9,0,0,0,0,0,0,0,0
OTU1452,0,0,0,0,0,0,2,0,0,0,0,0,0,0,0,0
OTU1453,0,0,0,3,0,0,0,0,0,0,0,0,0,0,0,0
OTU1454,0,0,3,0,0,0,0,0,0,0,0,0,0,0,0,0
OTU1455,0,0,0,5,0,0,0,0,0,0,0,0,0,0,0,0
OTU1456,0,0,0,0,0,0,0,4,0,0,0,0,0,0,0,0
OTU1457,0,0,0,0,0,0,0,0,0,0,11,0,0,0,0,0
OTU1458,0,0,0,0,0,0,0,0,0,0,10,0,0,0,0,0
OTU1459,0,4,0,0,0,0,0,0,0,0,17,0,0,0,0,0
OTU1460,0,0,0,0,0,0,0,5,0,0,0,0,0,0,0,0
OTU1461,0,0,14,0,0,0,0,0,0,0,0,0,0,0,0,0
OTU1462,0,0,10,0,0,0,0,0,0,0,0,0,0,0,0,0
OTU1463,0,0,0,0,0,0,8,0,0,0,0,0,0,0,0,0
OTU1464,0,0,0,0,0,0,4,0,0,0,0,0,0,0,0,0
OTU1465,0,0,0,0,0,0,0,10,0,0,0,0,0,0,0,0
OTU1466,0,0,0,0,0,0,0,0,36,0,0,0,0,0,0,0
OTU1467,0,0,0,0,0,0,0,7,0,0,0,0,0,0,0,0
OTU1468,0,0,0,0,0,0,0,0,15,0,0,0,0,0,0,0
OTU1469,0,0,0,0,0,0,3,0,0,0,0,0,0,0,0,0
OTU1470,0,0,0,0,0,10,0,0,0,0,0,0,0,0,0,0
OTU1471,0,0,0,0,0,0,0,0,0,0,3,0,0,0,0,0
OTU1472,0,0,0,0,0,0,0,6,0,0,0,0,0,0,0,0
OTU1473,0,0,0,0,0,0,0,4,0,0,0,0,0,0,0,0
OTU1474,0,0,15,0,0,0,0,0,0,0,0,0,0,0,0,0
OTU1475,0,0,0,0,0,0,4,0,0,0,0,0,0,0,0,0
OTU1476,0,0,0,0,0,0,0,0,0,0,7,0,0,0,0,0
OTU1477,0,0,0,0,0,0,4,0,0,0,0,0,0,0,0,0
OTU1478,0,5,0,0,0,0,0,0,0,0,11,0,0,0,0,0
OTU1479,0,0,0,0,0,0,0,10,0,0,0,0,0,0,0,0
OTU1480,0,0,0,0,0,0,11,0,0,0,0,0,0,0,0,0
OTU1481,0,0,0,5,0,0,0,0,0,0,0,0,0,0,0,0
OTU1482,0,0,0,0,0,0,5,0,0,0,0,0,0,0,0,0
OTU1483,0,0,0,4,0,0,0,0,0,0,0,0,0,0,0,0
OTU1484,0,0,0,0,0,0,0,0,0,0,0,8,0,0,0,0
OTU1485,0,0,0,0,0,0,0,11,0,0,0,0,0,0,0,0
OTU1486,0,0,13,0,0,0,0,0,0,0,0,0,0,0,0,0
OTU1487,0,0,0,0,3,0,0,0,0,0,0,0,0,0,0,0
OTU1488,0,0,0,0,0,0,0,9,0,0,0,0,0,0,0,0
OTU1489,0,0,0,0,0,0,0,7,0,0,0,0,0,0,0,0
OTU1490,0,0,21,0,0,0,0,0,0,0,0,0,0,0,0,0
OTU1491,0,0,0,0,0,4,0,0,0,0,0,0,0,0,0,0
OTU1492,0,0,0,0,0,0,0,0,0,9,0,0,0,0,0,0
OTU1493,0,0,0,0,11,0,0,0,0,0,0,0,0,0,0,0
OTU1494,0,0,0,0,0,0,12,0,0,0,0,0,0,0,0,0
OTU1495,0,0,0,0,0,0,0,0,0,5,0,0,0,0,0,0
OTU1496,0,0,0,0,0,7,0,0,0,0,0,0,0,0,0,0
OTU1497,0,0,0,0,0,0,3,0,0,0,0,0,0,0,0,0
OTU1498,0,0,0,0,0,0,0,4,0,0,0,0,0,0,0,0
OTU1499,0,0,0,0,0,0,0,2,0,0,0,0,0,0,0,0
OTU1500,0,0,29,0,0,0,0,0,0,0,0,0,0,0,0,0
OTU1501,0,0,0,0,0,0,0,5,0,0,0,0,0,0,0,0
OTU1502,0,0,0,0,0,0,14,0,0,0,0,0,0,0,0,0
OTU1503,0,0,0,13,0,0,0,0,0,0,0,0,0,0,0,0
OTU1504,0,0,0,0,0,0,0,0,0,0,6,0,0,0,0,0
OTU1505,0,0,2,0,0,0,0,0,0,0,0,0,0,0,0,0
OTU1506,0,0,0,0,0,0,0,0,0,8,0,0,0,0,0,0
OTU1507,0,0,0,0,0,0,6,0,0,0,0,0,0,0,0,0
OTU1508,0,0,0,0,0,0,13,0,0,0,0,0,0,0,0,0
OTU1509,0,0,0,0,0,0,0,4,0,0,0,0,0,0,0,0
OTU1510,0,0,0,0,0,0,0,3,0,0,0,0,0,0,0,0
OTU1511,0,0,0,0,0,0,9,0,0,0,0,0,0,0,0,0
OTU1512,0,0,0,0,0,0,0,0,0,17,0,0,0,0,0,0
OTU1513,0,0,0,0,0,0,0,2,0,0,0,0,0,0,0,0
OTU1514,0,0,0,0,0,0,0,2,0,0,0,0,0,0,0,0
OTU1515,0,0,0,0,0,0,0,3,0,0,0,0,0,0,0,0
OTU1516,0,0,0,0,0,0,14,0,0,0,0,0,0,0,0,0
OTU1517,0,0,0,0,0,0,3,0,0,0,0,0,0,0,0,0
OTU1518,0,0,0,11,0,0,0,0,0,0,0,0,0,0,0,0
OTU1519,0,0,0,0,0,0,0,0,0,0,4,0,0,0,0,0
OTU1520,0,0,0,0,0,0,0,0,21,0,0,0,0,0,0,0
OTU1521,0,0,0,0,0,0,15,0,0,0,0,0,0,0,0,0
OTU1522,0,0,0,0,0,0,0,0,0,0,0,0,3,0,0,0
OTU1523,0,0,0,0,0,0,0,0,0,0,3,0,0,0,0,0
OTU1524,0,0,13,0,0,0,0,0,0,0,0,0,0,0,0,0
OTU1525,0,0,0,0,3,0,0,0,0,0,0,0,0,0,0,0
OTU1526,0,0,0,0,0,0,0,0,0,0,0,0,5,0,0,0
OTU1527,0,0,0,9,0,0,0,0,0,0,0,0,0,0,0,0
OTU1528,0,0,0,0,0,0,0,0,9,0,0,0,0,0,0,0
OTU1529,0,0,13,0,0,0,0,0,0,0,0,0,0,0,0,0
OTU1530,0,0,3,0,0,0,0,0,0,0,0,0,0,0,0,0
OTU1531,0,0,0,0,0,0,18,0,0,0,0,0,0,0,0,0
OTU1532,0,0,0,0,0,0,0,0,0,0,9,0,0,0,0,0
OTU1533,0,0,0,0,0,6,0,0,0,0,0,0,0,0,0,0
OTU1534,0,0,7,0,0,0,0,0,0,0,0,0,0,0,0,0
OTU1535,0,0,0,0,0,0,3,0,0,0,0,0,0,0,0,0
OTU1536,0,0,0,0,0,0,0,5,0,0,0,0,0,0,0,0
OTU1537,0,0,0,0,0,0,0,0,0,0,6,0,0,0,0,0
OTU1538,0,0,0,0,7,0,0,0,0,0,0,0,0,0,0,0
OTU1539,0,0,0,0,0,0,0,0,0,0,7,0,0,0,0,0
OTU1540,0,0,0,0,0,0,6,0,0,0,0,0,0,0,0,0
OTU1541,0,0,0,0,0,0,0,0,12,0,0,0,0,0,0,0
OTU1542,0,0,0,0,0,16,0,0,0,0,0,0,0,0,0,0
OTU1543,0,0,0,0,0,0,6,0,0,0,0,0,0,0,0,0
OTU1544,0,0,6,0,0,0,0,0,0,0,0,0,0,0,0,0
OTU1545,0,0,0,0,0,0,0,6,0,0,0,0,0,0,0,0
OTU1546,0,0,15,0,0,0,0,0,0,0,0,0,0,0,0,0
OTU1547,0,0,0,0,0,0,0,2,0,0,0,0,0,0,0,0
OTU1548,0,0,16,0,0,0,0,0,0,0,0,0,0,0,0,0
OTU1549,0,0,0,0,0,0,0,2,0,0,0,0,0,0,0,0
OTU1550,0,0,0,0,0,0,0,0,0,11,0,0,0,0,0,0
OTU1551,0,0,0,0,0,0,0,0,0,0,5,0,0,0,0,0
OTU1552,0,0,0,0,0,0,0,0,0,0,6,0,0,0,0,0
OTU1553,0,0,0,0,0,0,0,0,0,0,4,0,0,0,0,0
OTU1554,0,0,0,0,0,0,0,5,0,0,0,0,0,0,0,0
OTU1555,0,0,0,0,0,0,5,0,0,0,0,0,0,0,0,0
OTU1556,0,0,0,0,0,0,0,6,0,0,0,0,0,0,0,0
OTU1557,0,0,0,0,0,0,0,15,0,0,0,0,0,0,0,0
OTU1558,0,0,0,0,0,0,0,0,0,0,0,5,0,0,0,0
OTU1559,0,0,0,0,0,0,0,6,0,0,0,0,0,0,0,0
OTU1560,0,0,0,0,0,0,3,0,0,0,0,0,0,0,0,0
OTU1561,0,0,16,0,0,0,0,0,0,0,0,0,0,0,0,0
OTU1562,0,0,7,0,0,0,0,0,0,0,0,0,0,0,0,0
OTU1563,0,0,0,0,0,0,0,9,0,0,0,0,0,0,0,0
OTU1564,0,0,0,0,0,0,6,0,0,0,0,0,0,0,0,0
OTU1565,0,0,0,0,10,0,0,0,0,0,0,0,0,0,0,0
OTU1566,0,0,11,0,0,0,0,0,0,0,0,0,0,0,0,0
OTU1567,0,0,0,0,0,0,7,0,0,0,0,0,0,0,0,0
OTU1568,0,0,0,0,0,0,6,0,0,0,0,0,0,0,0,0
OTU1569,0,0,0,0,0,0,3,0,0,0,0,0,0,0,0,0
OTU1570,0,0,0,0,0,0,0,0,17,0,0,0,0,0,0,0
OTU1571,0,0,0,3,0,0,0,0,0,0,0,0,0,0,0,0
OTU1572,0,0,0,0,0,0,0,5,0,0,0,0,0,0,0,0
OTU1573,0,0,16,0,0,0,0,0,0,0,0,0,0,0,0,0
OTU1574,0,0,0,0,0,0,0,0,0,6,0,0,0,0,0,0
OTU1575,0,0,0,0,0,0,0,0,0,0,0,0,0,3,0,0
OTU1576,0,0,0,0,0,0,0,0,0,0,0,0,7,0,0,0
OTU1577,0,0,0,0,0,0,0,0,0,0,0,0,0,0,0,2
OTU1578,0,0,0,0,0,0,0,0,0,5,0,0,0,0,0,0
OTU1579,0,0,0,0,0,0,0,0,13,0,0,0,0,0,0,0
OTU1580,0,0,0,0,0,0,0,0,0,2,0,0,0,0,0,0
OTU1581,0,0,0,0,0,0,0,0,0,10,0,0,0,0,0,0
OTU1582,0,0,0,0,0,0,0,0,0,0,9,0,0,0,0,0
OTU1583,0,0,0,0,14,0,0,0,0,0,0,0,0,0,0,0
OTU1584,0,0,0,0,0,6,0,0,0,0,0,0,0,0,0,0
OTU1585,0,0,0,0,0,0,0,0,0,0,0,0,0,0,5,0
OTU1586,0,0,0,0,0,0,7,0,0,0,0,0,0,0,0,0
OTU1587,0,0,0,0,0,0,0,0,0,0,4,0,0,0,0,0
OTU1588,0,0,0,0,0,0,0,0,9,0,0,0,0,0,0,0
OTU1589,0,0,0,0,0,0,0,0,0,0,9,0,0,0,0,0
OTU1590,0,0,0,0,0,0,0,0,0,0,0,0,0,2,0,0
OTU1591,0,0,0,0,0,0,0,0,0,0,3,0,0,0,0,0
OTU1592,0,0,0,0,2,0,0,0,0,0,0,0,0,0,0,0
OTU1593,0,0,0,0,0,0,0,4,0,0,0,0,0,0,0,0
OTU1594,0,0,0,0,0,4,0,0,0,0,0,0,0,0,0,0
OTU1595,0,0,0,0,2,0,0,0,0,0,0,0,0,0,0,0
OTU1596,0,0,0,0,0,0,0,0,0,0,0,0,0,3,0,0
OTU1597,0,0,5,0,0,0,0,0,0,0,0,0,0,0,0,0
OTU1598,0,0,0,0,0,0,0,0,0,0,0,7,0,0,0,0
OTU1599,0,0,0,0,0,0,0,0,0,5,0,0,0,0,0,0
OTU1600,0,0,3,0,0,0,0,0,0,0,0,0,0,0,0,0
OTU1601,0,0,0,0,0,0,0,0,0,0,0,4,0,0,0,0
OTU1602,0,0,4,0,0,0,0,0,0,0,0,0,0,0,0,0
OTU1603,0,0,7,0,0,0,0,0,0,0,0,0,0,0,0,0
OTU1604,0,0,10,0,0,0,0,0,0,0,0,0,0,0,0,0
OTU1605,0,0,30,0,0,0,0,0,0,0,0,0,0,0,0,0
OTU1606,0,0,0,0,0,0,5,0,0,0,0,0,0,0,0,0
OTU1607,0,0,0,0,0,0,0,5,0,0,0,0,0,0,0,0
OTU1608,0,0,0,0,0,5,0,0,0,0,0,0,0,0,0,0
OTU1609,0,0,8,0,0,0,0,0,0,0,0,0,0,0,0,0
OTU1610,0,0,0,0,0,0,0,3,0,0,0,0,0,0,0,0
OTU1611,0,0,11,0,0,0,0,0,0,0,0,0,0,0,0,0
OTU1612,0,0,0,0,0,0,0,0,0,0,0,0,0,3,0,0
OTU1613,0,0,0,0,7,0,0,0,0,0,0,0,0,0,0,0
OTU1614,0,0,0,0,0,0,5,0,0,0,0,0,0,0,0,0
OTU1615,0,0,0,0,0,0,3,0,0,0,0,0,0,0,0,0
OTU1616,0,0,8,0,0,0,0,0,0,0,0,0,0,0,0,0
OTU1617,0,0,0,4,0,0,0,0,0,0,0,0,0,0,0,0
OTU1618,0,0,0,0,0,0,0,3,0,0,0,0,0,0,0,0
OTU1619,0,0,14,0,0,0,0,0,0,0,0,0,0,0,0,0
OTU1620,0,0,0,0,0,0,0,0,0,2,0,0,0,0,0,0
OTU1621,0,0,0,0,0,0,0,0,0,0,7,0,0,0,0,0
OTU1622,0,0,28,0,0,0,0,0,0,0,0,0,0,0,0,0
OTU1623,0,0,0,0,0,0,0,0,0,0,4,0,0,0,0,0
OTU1624,0,0,0,0,0,0,0,4,0,0,0,0,0,0,0,0
OTU1625,0,0,0,0,0,0,0,5,0,0,0,0,0,0,0,0
OTU1626,0,0,0,0,0,0,0,2,0,0,0,0,0,0,0,0
OTU1627,0,0,0,0,0,0,0,0,5,0,0,0,0,0,0,0
OTU1628,0,0,0,0,0,12,0,0,0,0,0,0,0,0,0,0
OTU1629,0,0,4,0,0,0,0,0,0,0,0,0,0,0,0,0
OTU1630,0,0,0,0,0,13,0,0,0,0,0,0,0,0,0,0
OTU1631,0,0,0,0,4,0,0,0,0,0,0,0,0,0,0,0
OTU1632,0,0,0,0,0,0,0,5,0,0,0,0,0,0,0,0
OTU1633,0,0,0,0,0,0,0,0,0,3,0,0,0,0,0,0
OTU1634,0,0,0,0,0,0,0,2,0,0,0,0,0,0,0,0
OTU1635,0,0,0,0,0,0,0,0,0,8,0,0,0,0,0,0
OTU1636,0,0,0,0,0,0,0,0,0,0,6,0,0,0,0,0
OTU1637,0,0,4,0,0,0,0,0,0,0,0,0,0,0,0,0
OTU1638,0,0,0,0,0,0,0,4,0,0,0,0,0,0,0,0
OTU1639,0,0,0,0,0,0,0,9,0,0,0,0,0,0,0,0
OTU1640,0,0,0,4,0,0,0,0,0,0,0,0,0,0,0,0
OTU1641,0,0,0,0,0,0,4,0,0,0,0,0,0,0,0,0
OTU1642,0,0,0,0,0,0,7,0,0,0,0,0,0,0,0,0
OTU1643,0,0,0,0,0,0,0,0,0,0,0,0,10,0,0,0
OTU1644,0,0,0,0,0,8,0,0,0,0,0,0,0,0,0,0
OTU1645,0,0,0,0,0,0,0,0,11,0,0,0,0,0,0,0
OTU1646,0,0,0,0,0,0,0,4,0,0,0,0,0,0,0,0
OTU1647,0,0,0,0,0,0,0,0,0,0,0,0,0,0,0,3
OTU1648,0,0,7,0,0,0,0,0,0,0,0,0,0,0,0,0
OTU1649,0,0,0,0,0,0,0,0,0,0,6,0,0,0,0,0
OTU1650,0,0,0,0,0,0,0,0,0,14,0,0,0,0,0,0
OTU1651,0,0,0,0,0,0,6,0,0,0,0,0,0,0,0,0
OTU1652,0,0,0,0,0,0,3,0,0,0,0,0,0,0,0,0
OTU1653,0,0,0,0,0,0,0,0,0,0,0,0,0,0,17,0
OTU1654,0,0,0,0,0,0,0,0,0,9,0,0,0,0,0,0
OTU1655,0,0,0,0,13,0,0,0,0,0,0,0,0,0,0,0
OTU1656,0,0,20,0,0,0,0,0,0,0,0,0,0,0,0,0
OTU1657,0,0,0,6,0,0,0,0,0,0,0,0,0,0,0,0
OTU1658,0,0,0,0,0,0,0,10,0,0,0,0,0,0,0,0
OTU1659,0,0,0,0,0,0,0,7,0,0,0,0,0,0,0,0
OTU1660,0,0,0,0,0,0,3,0,0,0,0,0,0,0,0,0
OTU1661,0,0,16,0,0,0,0,0,0,0,0,0,0,0,0,0
OTU1662,0,0,0,0,0,0,0,4,0,0,0,0,0,0,0,0
OTU1663,0,0,0,0,0,0,0,0,0,0,4,0,0,0,0,0
OTU1664,0,0,0,0,0,0,6,0,0,0,0,0,0,0,0,0
OTU1665,0,0,0,0,0,0,0,0,0,5,0,0,0,0,0,0
OTU1666,0,0,0,0,0,0,18,0,0,0,0,0,0,0,0,0
OTU1667,0,0,6,0,0,0,0,0,0,0,0,0,0,0,0,0
OTU1668,0,0,15,0,0,0,0,0,0,0,0,0,0,0,0,0
OTU1669,0,0,0,0,0,0,0,0,0,0,13,0,0,0,0,0
OTU1670,0,0,0,0,0,0,0,0,9,0,0,0,0,0,0,0
OTU1671,0,0,0,0,0,0,0,4,0,0,0,0,0,0,0,0
OTU1672,0,0,19,0,0,0,0,0,0,0,0,0,0,0,0,0
OTU1673,0,0,0,0,0,0,0,0,3,0,0,0,0,0,0,0
OTU1674,0,0,0,0,0,0,0,6,0,0,0,0,0,0,0,0
OTU1675,0,0,0,0,0,0,0,0,0,0,0,9,0,0,0,0
OTU1676,0,0,0,0,0,0,0,0,0,0,3,0,0,0,0,0
OTU1677,0,0,0,0,0,0,0,0,0,0,5,0,0,0,0,0
OTU1678,0,0,18,0,0,0,0,0,0,0,0,0,0,0,0,0
OTU1679,0,0,0,0,0,0,0,0,0,0,0,0,0,2,0,0
OTU1680,0,0,0,0,0,0,0,0,0,0,5,0,0,0,0,0
OTU1681,0,0,5,0,0,0,0,0,0,0,0,0,0,0,0,0
OTU1682,0,0,0,0,0,0,6,0,0,0,0,0,0,0,0,0
